timestamp,glucose_mg_dl
2016-10-24 11:24:17,103
2016-10-24 11:29:17,102
2016-10-24 11:34:17,100
2016-10-24 11:39:17,98
2016-10-24 11:44:17,94
2016-10-24 11:49:18,95
2016-10-24 11:54:17,97
2016-10-24 11:59:18,99
2016-10-24 12:04:18,97
2016-10-24 12:09:18,97
2016-10-24 12:14:17,99
2016-10-24 12:19:17,101
2016-10-24 12:24:17,103
2016-10-24 12:29:17,103
2016-10-24 12:34:17,101
2016-10-24 12:39:18,100
2016-10-24 12:44:17,101
2016-10-24 12:49:18,104
2016-10-24 12:54:17,110
2016-10-24 12:59:17,119
2016-10-24 13:04:17,131
2016-10-24 13:09:18,142
2016-10-24 13:14:18,151
2016-10-24 13:19:18,155
2016-10-24 13:24:19,157
2016-10-24 13:29:18,156
2016-10-24 13:34:18,155
2016-10-24 13:39:18,155
2016-10-24 13:44:19,156
2016-10-24 13:49:18,158
2016-10-24 13:54:17,161
2016-10-24 13:59:17,160
2016-10-24 14:04:17,155
2016-10-24 14:09:17,145
2016-10-24 14:14:17,136
2016-10-24 14:19:17,128
2016-10-24 14:24:17,123
2016-10-24 14:29:18,118
2016-10-24 14:34:17,116
2016-10-24 14:39:17,115
2016-10-24 14:44:17,115
2016-10-24 14:49:17,115
2016-10-24 14:54:17,113
2016-10-24 14:59:17,112
2016-10-24 15:04:17,112
2016-10-24 15:09:17,112
2016-10-24 15:14:17,111
2016-10-24 15:19:17,111
2016-10-24 15:24:17,109
2016-10-24 15:29:17,109
2016-10-24 15:34:17,109
2016-10-24 15:39:17,109
2016-10-24 15:44:18,109
2016-10-24 15:49:18,114
2016-10-24 15:54:18,121
2016-10-24 15:59:17,130
2016-10-24 16:04:17,137
2016-10-24 16:09:18,141
2016-10-24 16:14:17,142
2016-10-24 16:19:17,142
2016-10-24 16:24:17,140
2016-10-24 16:29:17,135
2016-10-24 16:34:17,128
2016-10-24 16:39:18,122
2016-10-24 16:44:17,119
2016-10-24 16:49:17,118
2016-10-24 16:54:18,117
2016-10-24 16:59:17,115
2016-10-24 17:04:17,114
2016-10-24 17:09:18,115
2016-10-24 17:14:18,117
2016-10-24 17:19:19,118
2016-10-24 17:24:19,119
2016-10-24 17:29:18,119
2016-10-24 17:34:18,118
2016-10-24 17:39:18,115
2016-10-24 17:44:19,114
2016-10-24 17:49:18,113
2016-10-24 17:54:19,114
2016-10-24 17:59:18,114
2016-10-24 18:04:19,113
2016-10-24 18:09:19,112
2016-10-24 18:14:19,111
2016-10-24 18:19:18,110
2016-10-24 18:24:18,112
2016-10-24 18:29:19,117
2016-10-24 18:34:18,124
2016-10-24 18:39:18,131
2016-10-24 18:44:18,133
2016-10-24 18:49:19,132
2016-10-24 18:54:19,127
2016-10-24 18:59:18,120
2016-10-24 19:04:19,112
2016-10-24 19:09:18,106
2016-10-24 19:14:18,106
2016-10-24 19:19:18,110
2016-10-24 19:24:18,116
2016-10-24 19:29:18,121
2016-10-24 19:34:17,124
2016-10-24 19:39:16,126
2016-10-24 19:44:17,125
2016-10-24 19:49:16,123
2016-10-24 19:54:17,121
2016-10-24 19:59:17,119
2016-10-24 20:04:16,119
2016-10-24 20:09:17,119
2016-10-24 20:14:16,116
2016-10-24 20:19:17,112
2016-10-24 20:24:17,108
2016-10-24 20:29:17,107
2016-10-24 20:34:16,111
2016-10-24 20:39:17,117
2016-10-24 20:44:17,121
2016-10-24 20:49:17,125
2016-10-24 20:54:17,126
2016-10-24 20:59:16,127
2016-10-24 21:04:17,126
2016-10-24 21:09:18,124
2016-10-24 21:14:18,122
2016-10-24 21:19:18,118
2016-10-24 21:24:18,116
2016-10-24 21:29:18,115
2016-10-24 21:34:17,117
2016-10-24 21:39:17,119
2016-10-24 21:44:17,120
2016-10-24 21:49:16,120
2016-10-24 21:54:17,118
2016-10-24 21:59:17,119
2016-10-24 22:04:16,120
2016-10-24 22:09:17,122
2016-10-24 22:14:17,121
2016-10-24 22:19:17,120
2016-10-24 22:24:17,119
2016-10-24 22:29:17,120
2016-10-24 22:34:16,121
2016-10-24 22:39:16,121
2016-10-24 22:44:17,122
2016-10-24 22:49:16,123
2016-10-24 22:54:17,123
2016-10-24 22:59:16,124
2016-10-24 23:04:16,122
2016-10-24 23:09:17,120
2016-10-24 23:14:16,116
2016-10-24 23:19:17,114
2016-10-24 23:24:17,112
2016-10-24 23:29:17,111
2016-10-24 23:34:16,111
2016-10-24 23:39:17,111
2016-10-24 23:44:17,112
2016-10-24 23:49:16,114
2016-10-24 23:54:18,115
2016-10-24 23:59:17,115
2016-10-25 00:04:18,115
2016-10-25 00:09:18,116
2016-10-25 00:14:18,117
2016-10-25 00:19:17,117
2016-10-25 00:24:18,118
2016-10-25 00:29:18,119
2016-10-25 00:34:17,120
2016-10-25 00:39:18,120
2016-10-25 00:44:18,120
2016-10-25 00:49:18,120
2016-10-25 00:54:17,120
2016-10-25 00:59:18,117
2016-10-25 01:04:18,109
2016-10-25 01:09:18,102
2016-10-25 01:14:18,101
2016-10-25 01:19:18,105
2016-10-25 01:24:18,110
2016-10-25 01:29:17,111
2016-10-25 01:34:18,108
2016-10-25 01:39:18,103
2016-10-25 01:44:18,99
2016-10-25 01:49:18,97
2016-10-25 01:54:18,96
2016-10-25 01:59:18,99
2016-10-25 02:04:18,103
2016-10-25 02:09:17,109
2016-10-25 02:14:18,109
2016-10-25 02:19:17,108
2016-10-25 02:24:17,106
2016-10-25 02:29:17,104
2016-10-25 02:34:18,102
2016-10-25 02:39:18,100
2016-10-25 02:44:18,100
2016-10-25 02:49:18,100
2016-10-25 02:54:18,100
2016-10-25 02:59:18,101
2016-10-25 03:04:18,102
2016-10-25 03:09:18,103
2016-10-25 03:14:18,105
2016-10-25 03:19:18,106
2016-10-25 03:24:18,107
2016-10-25 03:29:18,108
2016-10-25 03:34:18,109
2016-10-25 03:39:18,109
2016-10-25 03:44:17,108
2016-10-25 03:49:16,108
2016-10-25 03:54:17,107
2016-10-25 03:59:17,107
2016-10-25 04:04:17,105
2016-10-25 04:09:17,104
2016-10-25 04:14:16,104
2016-10-25 04:19:17,104
2016-10-25 04:24:17,105
2016-10-25 04:29:17,105
2016-10-25 04:34:17,105
2016-10-25 04:39:17,105
2016-10-25 04:44:17,107
2016-10-25 04:49:17,116
2016-10-25 04:54:17,131
2016-10-25 04:59:17,150
2016-10-25 05:04:17,166
2016-10-25 05:09:15,178
2016-10-25 05:14:16,185
2016-10-25 05:19:15,191
2016-10-25 05:24:16,193
2016-10-25 05:29:16,189
2016-10-25 05:34:16,183
2016-10-25 05:39:16,179
2016-10-25 05:44:16,179
2016-10-25 05:49:16,180
2016-10-25 05:54:16,180
2016-10-25 05:59:16,178
2016-10-25 06:04:16,170
2016-10-25 06:09:16,156
2016-10-25 06:14:16,143
2016-10-25 06:19:16,134
2016-10-25 06:24:16,130
2016-10-25 06:29:16,125
2016-10-25 06:34:16,115
2016-10-25 06:39:16,100
2016-10-25 06:44:16,84
2016-10-25 06:49:16,71
2016-10-25 06:54:16,62
2016-10-25 06:59:16,56
2016-10-25 07:04:16,52
2016-10-25 07:09:16,50
2016-10-25 07:14:16,49
2016-10-25 07:19:16,51
2016-10-25 07:24:16,55
2016-10-25 07:29:16,60
2016-10-25 07:34:16,65
2016-10-25 07:39:16,71
2016-10-25 07:44:16,77
2016-10-25 07:49:16,85
2016-10-25 07:54:16,91
2016-10-25 07:59:16,92
2016-10-25 08:04:16,89
2016-10-25 08:09:16,86
2016-10-25 08:14:16,85
2016-10-25 08:19:16,87
2016-10-25 08:24:16,95
2016-10-25 08:29:16,105
2016-10-25 08:34:16,117
2016-10-25 08:39:16,126
2016-10-25 08:44:16,128
2016-10-25 08:49:16,127
2016-10-25 08:54:16,123
2016-10-25 08:59:16,120
2016-10-25 09:04:16,116
2016-10-25 09:09:17,107
2016-10-25 09:14:17,96
2016-10-25 09:19:17,87
2016-10-25 09:24:17,86
2016-10-25 09:29:17,92
2016-10-25 09:34:18,98
2016-10-25 09:39:17,102
2016-10-25 09:44:17,105
2016-10-25 09:49:17,109
2016-10-25 09:54:17,112
2016-10-25 09:59:17,113
2016-10-25 10:04:16,111
2016-10-25 10:09:16,107
2016-10-25 10:14:16,103
2016-10-25 10:19:16,101
2016-10-25 10:24:16,100
2016-10-25 10:29:16,100
2016-10-25 10:34:16,102
2016-10-25 10:39:17,102
2016-10-25 10:44:17,99
2016-10-25 10:49:16,95
2016-10-25 10:54:16,91
2016-10-25 10:59:16,89
2016-10-25 11:04:16,88
2016-10-25 11:09:16,87
2016-10-25 11:14:16,85
2016-10-25 11:19:16,84
2016-10-25 11:24:16,85
2016-10-25 11:29:16,87
2016-10-25 11:34:16,87
2016-10-25 11:39:16,86
2016-10-25 11:44:17,88
2016-10-25 11:49:16,93
2016-10-25 11:54:15,99
2016-10-25 11:59:16,105
2016-10-25 12:04:16,107
2016-10-25 12:09:15,106
2016-10-25 12:14:16,105
2016-10-25 12:19:16,105
2016-10-25 12:24:16,106
2016-10-25 12:29:15,109
2016-10-25 12:34:15,113
2016-10-25 12:39:15,118
2016-10-25 12:44:15,122
2016-10-25 12:49:17,123
2016-10-25 12:54:16,122
2016-10-25 12:59:16,121
2016-10-25 13:04:16,120
2016-10-25 13:09:16,115
2016-10-25 13:14:16,108
2016-10-25 13:19:16,100
2016-10-25 13:24:16,95
2016-10-25 13:29:16,93
2016-10-25 13:34:17,92
2016-10-25 13:39:16,92
2016-10-25 13:44:17,93
2016-10-25 13:49:16,97
2016-10-25 13:54:17,102
2016-10-25 13:59:16,108
2016-10-25 14:04:16,113
2016-10-25 14:09:16,117
2016-10-25 14:14:17,119
2016-10-25 14:19:16,120
2016-10-25 14:24:16,120
2016-10-25 14:29:17,119
2016-10-25 14:34:16,119
2016-10-25 14:39:16,118
2016-10-25 14:44:16,117
2016-10-25 14:49:17,117
2016-10-25 14:54:17,118
2016-10-25 14:59:16,119
2016-10-25 15:04:16,119
2016-10-25 15:09:16,118
2016-10-25 15:14:16,116
2016-10-25 15:19:15,114
2016-10-25 15:24:15,111
2016-10-25 15:29:16,109
2016-10-25 15:34:17,108
2016-10-25 15:39:17,107
2016-10-25 15:44:17,106
2016-10-25 15:49:16,106
2016-10-25 15:54:16,104
2016-10-25 15:59:16,102
2016-10-25 16:04:17,100
2016-10-25 16:09:16,99
2016-10-25 16:14:16,98
2016-10-25 16:19:17,101
2016-10-25 16:24:17,108
2016-10-25 16:29:17,118
2016-10-25 16:34:17,127
2016-10-25 16:39:17,132
2016-10-25 16:44:17,135
2016-10-25 16:49:16,136
2016-10-25 16:54:16,136
2016-10-25 16:59:17,136
2016-10-25 17:04:16,134
2016-10-25 17:09:16,132
2016-10-25 17:14:16,131
2016-10-25 17:19:16,130
2016-10-25 17:24:17,129
2016-10-25 17:29:16,127
2016-10-25 17:34:16,125
2016-10-25 17:39:17,124
2016-10-25 17:44:16,121
2016-10-25 17:49:17,119
2016-10-25 17:54:17,117
2016-10-25 17:59:17,114
2016-10-25 18:04:17,111
2016-10-25 18:09:17,107
2016-10-25 18:14:17,103
2016-10-25 18:19:17,102
2016-10-25 18:24:17,107
2016-10-25 18:29:17,117
2016-10-25 18:34:17,129
2016-10-25 18:39:17,139
2016-10-25 18:44:17,142
2016-10-25 18:49:17,135
2016-10-25 18:54:17,126
2016-10-25 18:59:17,120
2016-10-25 19:04:17,119
2016-10-25 19:09:17,119
2016-10-25 19:14:17,117
2016-10-25 19:19:16,113
2016-10-25 19:24:16,107
2016-10-25 19:29:16,100
2016-10-25 19:34:15,95
2016-10-25 19:39:15,92
2016-10-25 19:44:16,92
2016-10-25 19:49:16,92
2016-10-25 19:54:15,93
2016-10-25 19:59:15,94
2016-10-25 20:04:15,95
2016-10-25 20:09:15,95
2016-10-25 20:14:15,94
2016-10-25 20:19:14,92
2016-10-25 20:24:14,90
2016-10-25 20:29:15,90
2016-10-25 20:34:15,91
2016-10-25 20:39:15,91
2016-10-25 20:44:15,91
2016-10-25 20:49:14,92
2016-10-25 20:54:15,93
2016-10-25 20:59:14,95
2016-10-25 21:04:14,96
2016-10-25 21:09:13,97
2016-10-25 21:14:13,98
2016-10-25 21:19:14,99
2016-10-25 21:24:14,99
2016-10-25 21:29:13,98
2016-10-25 21:34:14,98
2016-10-25 21:39:14,99
2016-10-25 21:44:15,100
2016-10-25 21:49:14,101
2016-10-25 21:54:14,101
2016-10-25 21:59:14,99
2016-10-25 22:04:15,101
2016-10-25 22:09:15,104
2016-10-25 22:14:15,104
2016-10-25 22:19:15,97
2016-10-25 22:24:14,87
2016-10-26 05:04:15,102
2016-10-26 05:09:15,103
2016-10-26 05:14:15,103
2016-10-26 05:19:15,103
2016-10-26 05:24:15,103
2016-10-26 05:29:15,103
2016-10-26 05:34:15,104
2016-10-26 05:39:15,104
2016-10-26 05:44:15,104
2016-10-26 05:49:15,104
2016-10-26 05:54:15,104
2016-10-26 05:59:15,104
2016-10-26 06:04:15,104
2016-10-26 06:09:15,104
2016-10-26 06:14:15,104
2016-10-26 06:19:15,105
2016-10-26 06:24:15,105
2016-10-26 06:29:15,105
2016-10-26 06:34:15,104
2016-10-26 06:39:15,103
2016-10-26 06:44:15,102
2016-10-26 06:49:15,102
2016-10-26 06:54:15,102
2016-10-26 06:59:15,102
2016-10-26 07:04:15,103
2016-10-26 07:09:15,104
2016-10-26 07:14:15,105
2016-10-26 07:19:15,106
2016-10-26 07:24:15,105
2016-10-26 07:29:15,103
2016-10-26 07:34:15,102
2016-10-26 07:39:15,102
2016-10-26 07:44:15,102
2016-10-26 07:49:15,103
2016-10-26 07:54:15,104
2016-10-26 07:59:15,105
2016-10-26 08:04:15,106
2016-10-26 08:09:15,106
2016-10-26 08:14:15,106
2016-10-26 08:19:15,104
2016-10-26 08:24:15,102
2016-10-26 08:29:15,101
2016-10-26 08:34:15,102
2016-10-26 08:39:15,103
2016-10-26 08:44:15,104
2016-10-26 08:49:15,103
2016-10-26 08:54:15,101
2016-10-26 08:59:15,98
2016-10-26 09:04:15,97
2016-10-26 09:09:15,98
2016-10-26 09:14:15,101
2016-10-26 09:19:16,105
2016-10-26 09:24:15,108
2016-10-26 09:29:14,111
2016-10-26 09:34:14,112
2016-10-26 09:39:14,113
2016-10-26 09:44:14,113
2016-10-26 09:49:14,112
2016-10-26 09:54:14,112
2016-10-26 09:59:14,113
2016-10-26 10:04:14,114
2016-10-26 10:09:14,116
2016-10-26 10:14:14,116
2016-10-26 10:19:14,114
2016-10-26 10:24:15,110
2016-10-26 10:29:14,107
2016-10-26 10:34:14,108
2016-10-26 10:39:14,115
2016-10-26 10:44:14,125
2016-10-26 10:49:14,130
2016-10-26 10:54:14,131
2016-10-26 10:59:14,130
2016-10-26 11:04:14,130
2016-10-26 11:09:14,132
2016-10-26 11:14:14,132
2016-10-26 11:19:14,130
2016-10-26 11:24:14,127
2016-10-26 11:29:14,124
2016-10-26 11:34:14,120
2016-10-26 11:39:14,117
2016-10-26 11:44:15,116
2016-10-26 11:49:15,114
2016-10-26 11:54:15,110
2016-10-26 11:59:15,105
2016-10-26 12:04:15,100
2016-10-26 12:09:15,98
2016-10-26 12:14:14,96
2016-10-26 12:19:14,91
2016-10-26 12:24:14,86
2016-10-26 12:29:14,84
2016-10-26 12:34:14,81
2016-10-26 12:39:14,78
2016-10-26 12:44:14,73
2016-10-26 12:49:14,70
2016-10-26 12:54:14,70
2016-10-26 12:59:14,74
2016-10-26 13:04:14,78
2016-10-26 13:09:15,80
2016-10-26 13:14:15,83
2016-10-26 13:19:14,87
2016-10-26 13:24:14,92
2016-10-26 13:29:14,95
2016-10-26 13:34:14,98
2016-10-26 13:39:14,99
2016-10-26 13:44:14,99
2016-10-26 13:49:14,99
2016-10-26 13:54:14,97
2016-10-26 13:59:14,98
2016-10-26 14:04:15,97
2016-10-26 14:09:14,95
2016-10-26 14:14:14,90
2016-10-26 14:19:14,86
2016-10-26 14:24:14,83
2016-10-26 14:29:14,82
2016-10-26 14:34:14,81
2016-10-26 14:39:15,81
2016-10-26 14:44:14,82
2016-10-26 14:49:15,84
2016-10-26 14:54:14,88
2016-10-26 14:59:14,91
2016-10-26 15:04:14,95
2016-10-26 15:09:14,93
2016-10-26 15:14:14,90
2016-10-26 15:19:14,86
2016-10-26 15:24:14,88
2016-10-26 15:29:14,94
2016-10-26 15:34:14,103
2016-10-26 15:39:15,105
2016-10-26 15:44:14,100
2016-10-26 15:49:14,92
2016-10-26 15:54:14,87
2016-10-26 15:59:15,88
2016-10-26 16:04:14,90
2016-10-26 16:09:14,91
2016-10-26 16:14:15,91
2016-10-26 16:19:14,91
2016-10-26 16:24:14,93
2016-10-26 16:29:14,96
2016-10-26 16:34:14,98
2016-10-26 16:39:15,97
2016-10-26 16:44:14,92
2016-10-26 16:49:15,89
2016-10-26 16:54:15,87
2016-10-26 16:59:15,87
2016-10-26 17:04:14,87
2016-10-26 17:09:14,87
2016-10-26 17:14:14,87
2016-10-26 17:19:14,85
2016-10-26 17:24:14,81
2016-10-26 17:29:14,76
2016-10-26 17:34:14,72
2016-10-26 17:39:13,69
2016-10-26 17:44:13,69
2016-10-26 17:49:13,72
2016-10-26 17:54:14,74
2016-10-26 17:59:15,74
2016-10-26 18:04:15,74
2016-10-26 18:09:14,74
2016-10-26 18:14:14,74
2016-10-26 18:19:13,74
2016-10-26 18:24:13,74
2016-10-26 18:29:13,76
2016-10-26 18:34:14,80
2016-10-26 18:39:14,84
2016-10-26 18:44:13,86
2016-10-26 18:49:13,90
2016-10-26 18:54:13,96
2016-10-26 18:59:13,103
2016-10-26 19:04:14,109
2016-10-26 19:09:13,112
2016-10-26 19:14:14,114
2016-10-26 19:19:14,117
2016-10-26 19:24:13,123
2016-10-26 19:29:14,126
2016-10-26 19:34:14,123
2016-10-26 19:39:14,117
2016-10-26 19:44:14,111
2016-10-26 19:49:14,107
2016-10-26 19:54:14,102
2016-10-26 19:59:15,97
2016-10-26 20:04:14,91
2016-10-26 20:09:14,87
2016-10-26 20:14:15,82
2016-10-26 20:19:15,80
2016-10-26 20:24:14,79
2016-10-26 20:29:13,80
2016-10-26 20:34:13,80
2016-10-26 20:39:13,80
2016-10-26 20:44:13,80
2016-10-26 20:49:13,80
2016-10-26 20:54:14,81
2016-10-26 20:59:13,82
2016-10-26 21:04:13,83
2016-10-26 21:09:14,83
2016-10-26 21:14:14,83
2016-10-26 21:19:14,82
2016-10-26 21:24:13,81
2016-10-26 21:29:14,78
2016-10-26 21:34:14,78
2016-10-26 21:39:13,80
2016-10-26 21:44:12,83
2016-10-26 21:49:12,85
2016-10-26 21:54:12,85
2016-10-26 21:59:13,85
2016-10-26 22:04:12,86
2016-10-26 22:09:12,88
2016-10-26 22:14:12,91
2016-10-26 22:19:13,93
2016-10-26 22:24:13,94
2016-10-26 22:29:12,94
2016-10-26 22:34:13,95
2016-10-26 22:39:12,97
2016-10-26 22:44:12,99
2016-10-26 22:49:12,100
2016-10-26 22:54:13,101
2016-10-26 22:59:13,102
2016-10-26 23:04:13,102
2016-10-26 23:09:14,101
2016-10-26 23:14:13,100
2016-10-26 23:19:14,98
2016-10-26 23:24:14,97
2016-10-26 23:29:14,97
2016-10-26 23:34:13,98
2016-10-26 23:39:14,99
2016-10-26 23:44:13,101
2016-10-26 23:49:13,104
2016-10-26 23:54:14,107
2016-10-26 23:59:13,106
2016-10-27 00:04:14,105
2016-10-27 00:09:14,105
2016-10-27 00:14:13,106
2016-10-27 00:19:13,107
2016-10-27 00:24:13,108
2016-10-27 00:29:14,108
2016-10-27 00:34:14,109
2016-10-27 00:39:13,109
2016-10-27 00:44:14,110
2016-10-27 00:49:14,111
2016-10-27 00:54:13,111
2016-10-27 00:59:14,108
2016-10-27 01:04:14,104
2016-10-27 01:09:13,99
2016-10-27 01:14:13,98
2016-10-27 01:19:14,101
2016-10-27 01:24:14,106
2016-10-27 01:29:14,110
2016-10-27 01:34:14,112
2016-10-27 01:39:14,112
2016-10-27 01:44:14,112
2016-10-27 01:49:14,112
2016-10-27 01:54:13,113
2016-10-27 01:59:14,113
2016-10-27 02:04:14,112
2016-10-27 02:09:14,112
2016-10-27 02:14:14,111
2016-10-27 02:19:14,110
2016-10-27 02:24:14,110
2016-10-27 02:29:14,109
2016-10-27 02:34:14,109
2016-10-27 02:39:14,109
2016-10-27 02:44:13,109
2016-10-27 02:49:12,110
2016-10-27 02:54:12,110
2016-10-27 02:59:13,109
2016-10-27 03:04:12,109
2016-10-27 03:09:13,108
2016-10-27 03:14:13,107
2016-10-27 03:19:13,107
2016-10-27 03:24:13,105
2016-10-27 03:29:12,103
2016-10-27 03:34:13,101
2016-10-27 03:39:13,100
2016-10-27 03:44:12,100
2016-10-27 03:49:12,101
2016-10-27 03:54:13,102
2016-10-27 03:59:13,102
2016-10-27 04:04:13,102
2016-10-27 04:09:13,103
2016-10-27 04:14:13,104
2016-10-27 04:19:13,105
2016-10-27 04:24:12,105
2016-10-27 04:29:12,104
2016-10-27 04:34:11,104
2016-10-27 04:39:12,104
2016-10-27 04:44:11,104
2016-10-27 04:49:12,104
2016-10-27 04:54:12,105
2016-10-27 04:59:11,105
2016-10-27 05:04:12,105
2016-10-27 05:09:12,105
2016-10-27 05:14:12,105
2016-10-27 05:19:12,105
2016-10-27 05:24:12,104
2016-10-27 05:29:12,103
2016-10-27 05:34:11,102
2016-10-27 05:39:11,102
2016-10-27 05:44:11,103
2016-10-27 05:49:12,107
2016-10-27 05:54:12,117
2016-10-27 05:59:12,130
2016-10-27 06:04:11,147
2016-10-27 06:09:12,165
2016-10-27 06:14:12,183
2016-10-27 06:19:12,195
2016-10-27 06:24:12,202
2016-10-27 06:29:11,204
2016-10-27 06:34:12,202
2016-10-27 06:39:12,192
2016-10-27 06:44:11,179
2016-10-27 06:49:11,166
2016-10-27 06:54:11,155
2016-10-27 06:59:12,146
2016-10-27 07:04:12,142
2016-10-27 07:09:12,144
2016-10-27 07:14:12,152
2016-10-27 07:19:12,161
2016-10-27 07:24:12,165
2016-10-27 07:29:12,163
2016-10-27 07:34:12,155
2016-10-27 07:39:12,146
2016-10-27 07:44:12,131
2016-10-27 07:49:11,118
2016-10-27 07:54:12,105
2016-10-27 07:59:12,95
2016-10-27 08:04:11,85
2016-10-27 08:09:11,75
2016-10-27 08:14:12,70
2016-10-27 08:19:11,67
2016-10-27 08:24:12,66
2016-10-27 08:29:12,65
2016-10-27 08:34:12,63
2016-10-27 08:39:12,65
2016-10-27 08:44:12,67
2016-10-27 08:49:12,71
2016-10-27 08:54:12,75
2016-10-27 08:59:12,79
2016-10-27 09:04:12,85
2016-10-27 09:09:12,91
2016-10-27 09:14:12,98
2016-10-27 09:19:12,104
2016-10-27 09:24:12,111
2016-10-27 09:29:12,116
2016-10-27 09:34:12,121
2016-10-27 09:39:12,123
2016-10-27 09:44:12,122
2016-10-27 09:49:12,120
2016-10-27 09:54:12,119
2016-10-27 09:59:12,119
2016-10-27 10:04:12,119
2016-10-27 10:09:12,116
2016-10-27 10:14:12,110
2016-10-27 10:19:12,104
2016-10-27 10:24:12,100
2016-10-27 10:29:12,97
2016-10-27 10:34:12,98
2016-10-27 10:39:13,100
2016-10-27 10:44:13,103
2016-10-27 10:49:13,104
2016-10-27 10:54:13,104
2016-10-27 10:59:13,103
2016-10-27 11:04:13,103
2016-10-27 11:09:13,103
2016-10-27 11:14:13,101
2016-10-27 11:19:13,98
2016-10-27 11:24:13,96
2016-10-27 11:29:13,94
2016-10-27 11:34:13,96
2016-10-27 11:39:13,101
2016-10-27 11:44:13,108
2016-10-27 11:49:13,111
2016-10-27 11:54:13,112
2016-10-27 11:59:13,110
2016-10-27 12:04:13,108
2016-10-27 12:09:13,106
2016-10-27 12:14:13,106
2016-10-27 12:19:13,105
2016-10-27 12:24:13,105
2016-10-27 12:29:13,105
2016-10-27 12:34:13,105
2016-10-27 12:39:12,104
2016-10-27 12:44:12,103
2016-10-27 12:49:12,103
2016-10-27 12:54:12,103
2016-10-27 12:59:12,101
2016-10-27 13:04:12,99
2016-10-27 13:09:12,95
2016-10-27 13:14:12,95
2016-10-27 13:19:12,101
2016-10-27 13:24:12,114
2016-10-27 13:29:12,130
2016-10-27 13:34:12,146
2016-10-27 13:39:12,162
2016-10-27 13:44:13,174
2016-10-27 13:49:12,186
2016-10-27 13:54:12,196
2016-10-27 13:59:12,206
2016-10-27 14:04:12,213
2016-10-27 14:09:12,215
2016-10-27 14:14:12,213
2016-10-27 14:19:13,209
2016-10-27 14:24:12,206
2016-10-27 14:29:12,205
2016-10-27 14:34:13,204
2016-10-27 14:39:12,202
2016-10-27 14:44:12,201
2016-10-27 14:49:12,199
2016-10-27 14:54:11,198
2016-10-27 14:59:11,199
2016-10-27 15:04:11,201
2016-10-27 15:09:11,203
2016-10-27 15:14:11,204
2016-10-27 15:19:11,204
2016-10-27 15:24:11,203
2016-10-27 15:29:11,200
2016-10-27 15:34:11,197
2016-10-27 15:39:12,189
2016-10-27 15:44:12,176
2016-10-27 15:49:12,163
2016-10-27 15:54:12,152
2016-10-27 15:59:11,144
2016-10-27 16:04:11,139
2016-10-27 16:09:12,137
2016-10-27 16:14:11,138
2016-10-27 16:19:11,144
2016-10-27 16:24:12,154
2016-10-27 16:29:12,165
2016-10-27 16:34:12,172
2016-10-27 16:39:12,173
2016-10-27 16:44:12,169
2016-10-27 16:49:13,163
2016-10-27 16:54:12,156
2016-10-27 16:59:13,150
2016-10-27 17:04:12,145
2016-10-27 17:09:12,141
2016-10-27 17:14:12,137
2016-10-27 17:19:12,130
2016-10-27 17:24:12,125
2016-10-27 17:29:12,120
2016-10-27 17:34:12,120
2016-10-27 17:39:13,123
2016-10-27 17:44:12,127
2016-10-27 17:49:12,132
2016-10-27 17:54:12,138
2016-10-27 17:59:13,146
2016-10-27 18:04:12,153
2016-10-27 18:09:12,157
2016-10-27 18:14:12,159
2016-10-27 18:19:12,160
2016-10-27 18:24:13,159
2016-10-27 18:29:12,157
2016-10-27 18:34:12,154
2016-10-27 18:39:13,150
2016-10-27 18:44:12,146
2016-10-27 18:49:13,142
2016-10-27 18:54:12,138
2016-10-27 18:59:12,131
2016-10-27 19:04:12,120
2016-10-27 19:09:12,111
2016-10-27 19:14:12,104
2016-10-27 19:19:12,102
2016-10-27 19:24:13,100
2016-10-27 19:29:12,100
2016-10-27 19:34:12,100
2016-10-27 19:39:13,100
2016-10-27 19:44:12,99
2016-10-27 19:49:13,100
2016-10-27 19:54:12,103
2016-10-27 19:59:12,106
2016-10-27 20:04:12,109
2016-10-27 20:09:13,109
2016-10-27 20:14:12,108
2016-10-27 20:19:13,105
2016-10-27 20:24:13,100
2016-10-27 20:29:13,96
2016-10-27 20:34:12,94
2016-10-27 20:39:13,95
2016-10-27 20:44:11,99
2016-10-27 20:49:12,103
2016-10-27 20:54:12,106
2016-10-27 20:59:12,107
2016-10-27 21:04:12,110
2016-10-27 21:09:12,113
2016-10-27 21:14:12,116
2016-10-27 21:19:12,117
2016-10-27 21:24:12,118
2016-10-27 21:29:12,119
2016-10-27 21:34:12,120
2016-10-27 21:39:12,121
2016-10-27 21:44:12,122
2016-10-27 21:49:12,123
2016-10-27 21:54:12,122
2016-10-27 21:59:12,121
2016-10-27 22:04:11,121
2016-10-27 22:09:11,122
2016-10-27 22:14:12,123
2016-10-27 22:19:12,125
2016-10-27 22:24:11,126
2016-10-27 22:29:11,126
2016-10-27 22:34:11,125
2016-10-27 22:39:12,125
2016-10-27 22:44:12,124
2016-10-27 22:49:12,123
2016-10-27 22:54:11,123
2016-10-27 22:59:11,123
2016-10-27 23:04:11,125
2016-10-27 23:09:12,125
2016-10-27 23:14:12,124
2016-10-27 23:19:11,123
2016-10-27 23:24:12,123
2016-10-27 23:29:12,124
2016-10-27 23:34:11,124
2016-10-27 23:39:11,124
2016-10-27 23:44:12,124
2016-10-27 23:49:11,124
2016-10-27 23:54:11,125
2016-10-27 23:59:09,126
2016-10-28 00:04:10,126
2016-10-28 00:09:10,126
2016-10-28 00:14:10,127
2016-10-28 00:19:10,126
2016-10-28 00:24:09,125
2016-10-28 00:29:12,123
2016-10-28 00:34:12,123
2016-10-28 00:39:11,123
2016-10-28 00:44:11,125
2016-10-28 00:49:11,126
2016-10-28 00:54:12,126
2016-10-28 00:59:11,125
2016-10-28 01:04:12,124
2016-10-28 01:09:10,124
2016-10-28 01:14:11,124
2016-10-28 01:19:10,124
2016-10-28 01:24:10,125
2016-10-28 01:29:11,125
2016-10-28 01:34:11,124
2016-10-28 01:39:11,124
2016-10-28 01:44:11,124
2016-10-28 01:49:11,125
2016-10-28 01:54:11,126
2016-10-28 01:59:11,127
2016-10-28 02:04:11,127
2016-10-28 02:09:11,127
2016-10-28 02:14:11,127
2016-10-28 02:19:10,126
2016-10-28 02:24:12,124
2016-10-28 02:29:12,122
2016-10-28 02:34:12,121
2016-10-28 02:39:12,121
2016-10-28 02:44:11,120
2016-10-28 02:49:12,119
2016-10-28 02:54:11,119
2016-10-28 02:59:11,119
2016-10-28 03:04:10,119
2016-10-28 03:09:11,119
2016-10-28 03:14:11,119
2016-10-28 03:19:11,119
2016-10-28 03:24:10,118
2016-10-28 03:29:11,118
2016-10-28 03:34:10,118
2016-10-28 03:39:10,117
2016-10-28 03:44:11,116
2016-10-28 03:49:11,116
2016-10-28 03:54:11,115
2016-10-28 03:59:10,115
2016-10-28 04:04:11,116
2016-10-28 04:09:10,117
2016-10-28 04:14:11,118
2016-10-28 04:19:11,118
2016-10-28 04:24:11,117
2016-10-28 04:29:11,115
2016-10-28 04:34:10,111
2016-10-28 04:39:11,107
2016-10-28 04:44:10,107
2016-10-28 04:49:11,107
2016-10-28 04:54:10,110
2016-10-28 04:59:10,116
2016-10-28 05:04:10,126
2016-10-28 05:09:10,132
2016-10-28 05:14:10,129
2016-10-28 05:19:10,121
2016-10-28 05:24:10,110
2016-10-28 05:29:10,100
2016-10-28 05:34:11,92
2016-10-28 05:39:10,89
2016-10-28 05:44:11,91
2016-10-28 05:49:11,97
2016-10-28 05:54:11,100
2016-10-28 05:59:11,103
2016-10-28 06:04:11,104
2016-10-28 06:09:11,105
2016-10-28 06:14:10,104
2016-10-28 06:19:11,101
2016-10-28 06:24:11,99
2016-10-28 06:29:11,96
2016-10-28 06:34:11,95
2016-10-28 06:39:11,92
2016-10-28 06:44:11,87
2016-10-28 06:49:10,83
2016-10-28 06:54:10,83
2016-10-28 06:59:10,84
2016-10-28 07:04:11,87
2016-10-28 07:09:11,85
2016-10-28 07:14:11,83
2016-10-28 07:19:11,79
2016-10-28 07:24:11,76
2016-10-28 07:29:11,75
2016-10-28 07:34:11,76
2016-10-28 07:39:11,77
2016-10-28 07:44:11,81
2016-10-28 07:49:11,87
2016-10-28 07:54:11,94
2016-10-28 07:59:11,99
2016-10-28 08:04:11,102
2016-10-28 08:09:11,103
2016-10-28 08:14:11,103
2016-10-28 08:19:11,105
2016-10-28 08:24:11,109
2016-10-28 08:29:11,119
2016-10-28 08:34:11,137
2016-10-28 08:39:11,157
2016-10-28 08:44:11,170
2016-10-28 08:49:09,176
2016-10-28 08:54:09,171
2016-10-28 08:59:09,161
2016-10-28 09:04:09,141
2016-10-28 09:09:09,122
2016-10-28 09:14:09,111
2016-10-28 09:19:09,107
2016-10-28 09:24:09,106
2016-10-28 09:29:09,108
2016-10-28 09:34:09,111
2016-10-28 09:39:09,116
2016-10-28 09:44:09,119
2016-10-28 09:49:09,117
2016-10-28 09:54:09,111
2016-10-28 09:59:09,104
2016-10-28 10:04:10,103
2016-10-28 10:09:10,102
2016-10-28 10:14:10,99
2016-10-28 10:19:09,95
2016-10-28 10:24:10,92
2016-10-28 10:29:10,94
2016-10-28 10:34:10,97
2016-10-28 10:39:10,100
2016-10-28 10:44:10,99
2016-10-28 10:49:10,98
2016-10-28 10:54:10,96
2016-10-28 10:59:10,96
2016-10-28 11:04:10,96
2016-10-28 11:09:10,94
2016-10-28 11:14:10,91
2016-10-28 11:19:09,88
2016-10-28 11:24:10,87
2016-10-28 11:29:10,87
2016-10-28 11:34:10,88
2016-10-28 11:39:10,88
2016-10-28 11:44:10,87
2016-10-28 11:49:10,87
2016-10-28 11:54:10,83
2016-10-28 11:59:10,78
2016-10-28 12:04:10,76
2016-10-28 12:09:10,79
2016-10-28 12:14:10,91
2016-10-28 12:19:10,104
2016-10-28 12:24:11,118
2016-10-28 12:29:10,125
2016-10-28 12:34:10,129
2016-10-28 12:39:10,131
2016-10-28 12:44:10,134
2016-10-28 12:49:10,136
2016-10-28 12:54:10,138
2016-10-28 12:59:10,137
2016-10-28 13:04:09,135
2016-10-28 13:09:09,132
2016-10-28 13:14:10,129
2016-10-28 13:19:09,125
2016-10-28 13:24:09,119
2016-10-28 13:29:09,114
2016-10-28 13:34:09,107
2016-10-28 13:39:09,100
2016-10-28 13:44:09,94
2016-10-28 13:49:09,91
2016-10-28 13:54:09,94
2016-10-28 13:59:09,97
2016-10-28 14:04:10,101
2016-10-28 14:09:09,102
2016-10-28 14:14:09,103
2016-10-28 14:19:09,103
2016-10-28 14:24:09,101
2016-10-28 14:29:09,98
2016-10-28 14:34:09,95
2016-10-28 14:39:09,93
2016-10-28 14:44:10,92
2016-10-28 14:49:09,91
2016-10-28 14:54:09,90
2016-10-28 14:59:09,87
2016-10-28 15:04:09,86
2016-10-28 15:09:09,87
2016-10-28 15:14:09,90
2016-10-28 15:19:09,90
2016-10-28 15:24:09,95
2016-10-28 15:29:09,103
2016-10-28 15:34:09,114
2016-10-28 15:39:09,124
2016-10-28 15:44:09,133
2016-10-28 15:49:09,137
2016-10-28 15:54:09,138
2016-10-28 15:59:10,136
2016-10-28 16:04:09,133
2016-10-28 16:09:09,131
2016-10-28 16:14:09,129
2016-10-28 16:19:09,127
2016-10-28 16:24:09,124
2016-10-28 16:29:09,122
2016-10-28 16:34:10,122
2016-10-28 16:39:09,122
2016-10-28 16:44:09,122
2016-10-28 16:49:09,119
2016-10-28 16:54:09,111
2016-10-28 16:59:09,103
2016-10-28 17:04:10,100
2016-10-28 17:09:09,101
2016-10-28 17:14:10,103
2016-10-28 17:19:09,102
2016-10-28 17:24:09,101
2016-10-28 17:29:09,99
2016-10-28 17:34:09,99
2016-10-28 17:39:09,103
2016-10-28 17:44:09,113
2016-10-28 17:49:09,124
2016-10-28 17:54:09,131
2016-10-28 17:59:09,133
2016-10-28 18:04:09,132
2016-10-28 18:09:09,129
2016-10-28 18:14:09,127
2016-10-28 18:19:09,124
2016-10-28 18:24:09,122
2016-10-28 18:29:10,120
2016-10-28 18:34:09,118
2016-10-28 18:39:09,116
2016-10-28 18:44:09,114
2016-10-28 18:49:09,112
2016-10-28 18:54:10,112
2016-10-28 18:59:10,111
2016-10-28 19:04:10,108
2016-10-28 19:09:10,105
2016-10-28 19:14:10,103
2016-10-28 19:19:11,102
2016-10-28 19:24:10,98
2016-10-28 19:29:10,93
2016-10-28 19:34:11,86
2016-10-28 19:39:11,82
2016-10-28 19:44:10,80
2016-10-28 19:49:10,80
2016-10-28 19:54:10,81
2016-10-28 19:59:10,84
2016-10-28 20:04:10,87
2016-10-28 20:09:10,91
2016-10-28 20:14:10,95
2016-10-28 20:19:10,99
2016-10-28 20:24:11,104
2016-10-28 20:29:10,108
2016-10-28 20:34:11,113
2016-10-28 20:39:10,116
2016-10-28 20:44:10,117
2016-10-28 20:49:10,115
2016-10-28 20:54:10,111
2016-10-28 20:59:10,109
2016-10-28 21:04:10,109
2016-10-28 21:09:09,109
2016-10-28 21:14:09,109
2016-10-28 21:19:10,108
2016-10-28 21:24:10,107
2016-10-28 21:29:10,107
2016-10-28 21:34:09,107
2016-10-28 21:39:09,108
2016-10-28 21:44:09,108
2016-10-28 21:49:09,108
2016-10-28 21:54:09,109
2016-10-28 21:59:10,108
2016-10-28 22:04:10,107
2016-10-28 22:09:09,105
2016-10-28 22:14:09,101
2016-10-28 22:19:10,96
2016-10-28 22:24:09,92
2016-10-28 22:29:09,92
2016-10-28 22:34:09,93
2016-10-28 22:39:10,94
2016-10-28 22:44:09,95
2016-10-28 22:49:09,95
2016-10-28 22:54:09,95
2016-10-28 22:59:10,95
2016-10-28 23:04:10,95
2016-10-28 23:09:10,95
2016-10-28 23:14:09,95
2016-10-28 23:19:09,98
2016-10-28 23:24:09,101
2016-10-28 23:29:10,104
2016-10-28 23:34:10,105
2016-10-28 23:39:09,105
2016-10-28 23:44:09,105
2016-10-28 23:49:10,105
2016-10-28 23:54:10,104
2016-10-28 23:59:10,103
2016-10-29 00:04:09,101
2016-10-29 00:09:09,99
2016-10-29 00:14:09,99
2016-10-29 00:19:10,99
2016-10-29 00:24:09,99
2016-10-29 00:29:10,99
2016-10-29 00:34:09,99
2016-10-29 00:39:10,99
2016-10-29 00:44:09,100
2016-10-29 00:49:08,102
2016-10-29 00:54:08,104
2016-10-29 00:59:08,105
2016-10-29 01:04:08,104
2016-10-29 01:09:08,104
2016-10-29 01:14:08,102
2016-10-29 01:19:08,98
2016-10-29 01:24:10,94
2016-10-29 01:29:10,92
2016-10-29 01:34:10,93
2016-10-29 01:39:09,96
2016-10-29 01:44:10,98
2016-10-29 01:49:10,100
2016-10-29 01:54:10,101
2016-10-29 01:59:08,100
2016-10-29 02:04:09,95
2016-10-29 02:09:09,88
2016-10-29 02:14:09,83
2016-10-29 02:19:09,81
2016-10-29 02:24:09,81
2016-10-29 02:29:08,82
2016-10-29 02:34:10,83
2016-10-29 02:39:09,84
2016-10-29 02:44:10,85
2016-10-29 02:49:10,85
2016-10-29 02:54:10,85
2016-10-29 02:59:09,85
2016-10-29 03:04:10,90
2016-10-29 03:09:09,97
2016-10-29 03:14:08,104
2016-10-29 03:19:09,106
2016-10-29 03:24:09,105
2016-10-29 03:29:09,105
2016-10-29 03:34:09,106
2016-10-29 03:39:08,107
2016-10-29 03:44:08,107
2016-10-29 03:49:09,108
2016-10-29 03:54:09,108
2016-10-29 03:59:08,108
2016-10-29 04:04:09,108
2016-10-29 04:09:08,107
2016-10-29 04:14:08,105
2016-10-29 04:19:08,103
2016-10-29 04:24:09,102
2016-10-29 04:29:09,102
2016-10-29 04:34:08,101
2016-10-29 04:39:08,101
2016-10-29 04:44:08,104
2016-10-29 04:49:08,113
2016-10-29 04:54:08,125
2016-10-29 04:59:09,139
2016-10-29 05:04:09,155
2016-10-29 05:09:09,169
2016-10-29 05:14:08,177
2016-10-29 05:19:08,179
2016-10-29 05:24:08,178
2016-10-29 05:29:08,177
2016-10-29 05:34:07,180
2016-10-29 05:39:09,181
2016-10-29 05:44:08,181
2016-10-29 05:49:08,182
2016-10-29 05:54:08,182
2016-10-29 05:59:09,181
2016-10-29 06:04:08,174
2016-10-29 06:09:08,168
2016-10-29 06:14:08,164
2016-10-29 06:19:08,159
2016-10-29 06:24:08,147
2016-10-29 06:29:08,132
2016-10-29 06:34:08,112
2016-10-29 06:39:08,93
2016-10-29 06:44:08,71
2016-10-29 06:49:08,57
2016-10-29 06:54:08,54
2016-10-29 06:59:08,62
2016-10-29 07:04:08,73
2016-10-29 07:09:08,76
2016-10-29 07:14:08,70
2016-10-29 07:19:08,61
2016-10-29 07:24:08,58
2016-10-29 07:29:08,58
2016-10-29 07:34:08,61
2016-10-29 07:39:08,66
2016-10-29 07:44:08,71
2016-10-29 07:49:08,76
2016-10-29 07:54:08,80
2016-10-29 07:59:08,84
2016-10-29 08:04:08,86
2016-10-29 08:09:08,90
2016-10-29 08:14:08,93
2016-10-29 08:19:08,95
2016-10-29 08:24:07,93
2016-10-29 08:29:08,88
2016-10-29 08:34:07,83
2016-10-29 08:39:08,81
2016-10-29 08:44:08,80
2016-10-29 08:49:08,81
2016-10-29 08:54:07,83
2016-10-29 08:59:08,92
2016-10-29 09:04:08,104
2016-10-29 09:09:07,119
2016-10-29 09:14:08,131
2016-10-29 09:19:08,137
2016-10-29 09:24:08,140
2016-10-29 09:29:08,138
2016-10-29 09:34:08,134
2016-10-29 09:39:09,127
2016-10-29 09:44:09,116
2016-10-29 09:49:09,104
2016-10-29 09:54:09,99
2016-10-29 09:59:09,101
2016-10-29 10:04:09,109
2016-10-29 10:09:09,116
2016-10-29 10:14:09,118
2016-10-29 10:19:09,122
2016-10-29 10:24:09,128
2016-10-29 10:29:09,135
2016-10-29 10:34:09,142
2016-10-29 10:39:09,147
2016-10-29 10:44:09,153
2016-10-29 10:49:09,157
2016-10-29 10:54:09,162
2016-10-29 10:59:09,170
2016-10-29 11:04:09,181
2016-10-29 11:09:09,189
2016-10-29 11:14:09,195
2016-10-29 11:19:09,199
2016-10-29 11:24:09,203
2016-10-29 11:29:09,207
2016-10-29 11:34:09,212
2016-10-29 11:39:09,220
2016-10-29 11:44:09,223
2016-10-29 11:49:09,225
2016-10-29 11:54:09,222
2016-10-29 11:59:09,219
2016-10-29 12:04:09,213
2016-10-29 12:09:09,205
2016-10-29 12:14:08,195
2016-10-29 12:19:08,186
2016-10-29 12:24:08,176
2016-10-29 12:29:08,167
2016-10-29 12:34:08,157
2016-10-29 12:39:08,149
2016-10-29 12:44:08,142
2016-10-29 12:49:08,137
2016-10-29 12:54:08,131
2016-10-29 12:59:08,125
2016-10-29 13:04:08,118
2016-10-29 13:09:08,112
2016-10-29 13:14:08,105
2016-10-29 13:19:08,100
2016-10-29 13:24:07,96
2016-10-29 13:29:07,92
2016-10-29 13:34:07,88
2016-10-29 13:39:07,85
2016-10-29 13:44:07,81
2016-10-29 13:49:07,77
2016-10-29 13:54:07,73
2016-10-29 13:59:07,74
2016-10-29 14:04:07,79
2016-10-29 14:09:07,89
2016-10-29 14:14:07,102
2016-10-29 14:19:08,112
2016-10-29 14:24:08,114
2016-10-29 14:29:08,108
2016-10-29 14:34:08,100
2016-10-29 14:39:08,94
2016-10-29 14:44:08,93
2016-10-29 14:49:08,95
2016-10-29 14:54:08,99
2016-10-29 14:59:08,104
2016-10-29 15:04:08,107
2016-10-29 15:09:07,108
2016-10-29 15:14:08,105
2016-10-29 15:19:07,102
2016-10-29 15:24:07,101
2016-10-29 15:29:07,101
2016-10-29 15:34:08,102
2016-10-29 15:39:07,101
2016-10-29 15:44:07,101
2016-10-29 15:49:07,101
2016-10-29 15:54:07,101
2016-10-29 15:59:07,101
2016-10-29 16:04:08,100
2016-10-29 16:09:07,102
2016-10-29 16:14:07,105
2016-10-29 16:19:07,111
2016-10-29 16:24:07,117
2016-10-29 16:29:08,122
2016-10-29 16:34:07,124
2016-10-29 16:39:07,126
2016-10-29 16:44:07,126
2016-10-29 16:49:07,124
2016-10-29 16:54:08,122
2016-10-29 16:59:07,119
2016-10-29 17:04:07,114
2016-10-29 17:09:08,109
2016-10-29 17:14:07,105
2016-10-29 17:19:07,103
2016-10-29 17:24:07,101
2016-10-29 17:29:08,100
2016-10-29 17:34:07,99
2016-10-29 17:39:07,99
2016-10-29 17:44:07,99
2016-10-29 17:49:07,99
2016-10-29 17:54:07,97
2016-10-29 17:59:07,97
2016-10-29 18:04:07,98
2016-10-29 18:09:07,100
2016-10-29 18:14:07,102
2016-10-29 18:19:07,104
2016-10-29 18:24:07,105
2016-10-29 18:29:07,107
2016-10-29 18:34:07,108
2016-10-29 18:39:07,108
2016-10-29 18:44:07,108
2016-10-29 18:49:08,111
2016-10-29 18:54:07,118
2016-10-29 18:59:08,125
2016-10-29 19:04:07,126
2016-10-29 19:09:07,125
2016-10-29 19:14:07,120
2016-10-29 19:19:07,117
2016-10-29 19:24:07,116
2016-10-29 19:29:07,115
2016-10-29 19:34:07,114
2016-10-29 19:39:07,112
2016-10-29 19:44:07,111
2016-10-29 19:49:07,108
2016-10-29 19:54:07,102
2016-10-29 19:59:07,95
2016-10-29 20:04:07,90
2016-10-29 20:09:07,88
2016-10-29 20:14:07,88
2016-10-29 20:19:07,90
2016-10-29 20:24:07,92
2016-10-29 20:29:07,94
2016-10-29 20:34:08,94
2016-10-29 20:39:07,89
2016-10-29 20:44:08,85
2016-10-29 20:49:08,82
2016-10-29 20:54:07,83
2016-10-29 20:59:07,85
2016-10-29 21:04:08,89
2016-10-29 21:09:08,92
2016-10-29 21:14:08,95
2016-10-29 21:19:08,97
2016-10-29 21:24:08,98
2016-10-29 21:29:08,98
2016-10-29 21:34:07,99
2016-10-29 21:39:08,100
2016-10-29 21:44:07,100
2016-10-29 21:49:08,101
2016-10-29 21:54:08,102
2016-10-29 21:59:07,103
2016-10-29 22:04:07,103
2016-10-29 22:09:08,104
2016-10-29 22:14:07,104
2016-10-29 22:19:07,104
2016-10-29 22:24:07,105
2016-10-29 22:29:08,105
2016-10-29 22:34:07,104
2016-10-29 22:39:07,104
2016-10-29 22:44:07,104
2016-10-29 22:49:08,105
2016-10-29 22:54:07,105
2016-10-29 22:59:08,105
2016-10-29 23:04:07,104
2016-10-29 23:09:08,103
2016-10-29 23:14:08,103
2016-10-29 23:19:07,103
2016-10-29 23:24:07,103
2016-10-29 23:29:08,102
2016-10-29 23:34:08,102
2016-10-29 23:39:07,103
2016-10-29 23:44:06,103
2016-10-29 23:49:07,103
2016-10-29 23:54:06,103
2016-10-29 23:59:06,104
2016-10-30 00:04:06,105
2016-10-30 00:09:06,105
2016-10-30 00:14:06,105
2016-10-30 00:19:07,106
2016-10-30 00:24:08,106
2016-10-30 00:29:07,106
2016-10-30 00:34:08,106
2016-10-30 00:39:07,106
2016-10-30 00:44:07,106
2016-10-30 00:49:08,106
2016-10-30 00:54:08,106
2016-10-30 00:59:08,106
2016-10-30 01:04:07,105
2016-10-30 01:09:08,102
2016-10-30 01:14:07,98
2016-10-30 01:19:07,96
2016-10-30 01:24:08,96
2016-10-30 01:29:07,99
2016-10-30 01:34:07,101
2016-10-30 01:39:07,103
2016-10-30 01:44:08,104
2016-10-30 01:49:08,105
2016-10-30 01:54:07,105
2016-10-30 01:59:08,105
2016-10-30 02:04:07,105
2016-10-30 02:09:08,106
2016-10-30 02:14:07,106
2016-10-30 02:19:08,106
2016-10-30 02:24:08,107
2016-10-30 02:29:08,107
2016-10-30 02:34:08,107
2016-10-30 02:39:07,107
2016-10-30 02:44:06,107
2016-10-30 02:49:07,107
2016-10-30 02:54:07,107
2016-10-30 02:59:06,107
2016-10-30 03:04:07,106
2016-10-30 03:09:06,105
2016-10-30 03:14:07,105
2016-10-30 03:19:07,105
2016-10-30 03:24:07,106
2016-10-30 03:29:07,106
2016-10-30 03:34:07,105
2016-10-30 03:39:07,104
2016-10-30 03:44:07,103
2016-10-30 03:49:07,103
2016-10-30 03:54:07,104
2016-10-30 03:59:07,105
2016-10-30 04:04:06,105
2016-10-30 04:09:07,105
2016-10-30 04:14:07,105
2016-10-30 04:19:07,106
2016-10-30 04:24:06,106
2016-10-30 04:29:07,106
2016-10-30 04:34:06,105
2016-10-30 04:39:07,103
2016-10-30 04:44:07,100
2016-10-30 04:49:06,96
2016-10-30 04:54:07,94
2016-10-30 04:59:06,95
2016-10-30 05:04:06,97
2016-10-30 05:09:07,102
2016-10-30 05:14:08,107
2016-10-30 05:19:08,110
2016-10-30 05:24:08,108
2016-10-30 05:29:08,105
2016-10-30 05:34:07,102
2016-10-30 05:39:07,104
2016-10-30 05:44:06,106
2016-10-30 05:49:07,108
2016-10-30 05:54:06,110
2016-10-30 05:59:07,109
2016-10-30 06:04:07,105
2016-10-30 06:09:07,94
2016-10-30 06:14:07,86
2016-10-30 06:19:06,82
2016-10-30 06:24:06,83
2016-10-30 06:29:07,82
2016-10-30 06:34:06,81
2016-10-30 06:39:06,80
2016-10-30 06:44:07,80
2016-10-30 06:49:07,83
2016-10-30 06:54:07,87
2016-10-30 06:59:07,89
2016-10-30 07:04:06,88
2016-10-30 07:09:06,86
2016-10-30 07:14:06,85
2016-10-30 07:19:06,84
2016-10-30 07:24:06,83
2016-10-30 07:29:06,82
2016-10-30 07:34:06,81
2016-10-30 07:39:06,81
2016-10-30 07:44:06,82
2016-10-30 07:49:06,82
2016-10-30 07:54:06,83
2016-10-30 07:59:06,84
2016-10-30 08:04:06,85
2016-10-30 08:09:07,86
2016-10-30 08:14:07,88
2016-10-30 08:19:07,89
2016-10-30 08:24:06,92
2016-10-30 08:29:07,92
2016-10-30 08:34:07,94
2016-10-30 08:39:07,94
2016-10-30 08:44:07,95
2016-10-30 08:49:07,98
2016-10-30 08:54:07,106
2016-10-30 08:59:06,118
2016-10-30 09:04:06,131
2016-10-30 09:09:06,138
2016-10-30 09:14:06,139
2016-10-30 09:19:06,138
2016-10-30 09:24:06,134
2016-10-30 09:29:06,130
2016-10-30 09:34:06,128
2016-10-30 09:39:06,128
2016-10-30 09:44:06,126
2016-10-30 09:49:06,121
2016-10-30 09:54:05,111
2016-10-30 09:59:06,100
2016-10-30 10:04:06,92
2016-10-30 10:09:06,92
2016-10-30 10:14:06,98
2016-10-30 10:19:05,105
2016-10-30 10:24:06,108
2016-10-30 10:29:06,110
2016-10-30 10:34:06,110
2016-10-30 10:39:06,109
2016-10-30 10:44:06,107
2016-10-30 10:49:06,107
2016-10-30 10:54:06,108
2016-10-30 10:59:06,107
2016-10-30 11:04:06,102
2016-10-30 11:09:06,98
2016-10-30 11:14:06,93
2016-10-30 11:19:06,87
2016-10-30 11:24:06,81
2016-10-30 11:29:06,83
2016-10-30 11:34:06,87
2016-10-30 11:39:06,92
2016-10-30 11:44:06,93
2016-10-30 11:49:06,92
2016-10-30 11:54:06,91
2016-10-30 11:59:06,91
2016-10-30 12:04:06,91
2016-10-30 12:09:06,91
2016-10-30 12:14:06,91
2016-10-30 12:19:06,91
2016-10-30 12:24:06,90
2016-10-30 12:29:06,89
2016-10-30 12:34:06,90
2016-10-30 12:39:06,91
2016-10-30 12:44:06,93
2016-10-30 12:49:06,93
2016-10-30 12:54:06,91
2016-10-30 12:59:06,88
2016-10-30 13:04:06,84
2016-10-30 13:09:06,83
2016-10-30 13:14:06,87
2016-10-30 13:19:05,95
2016-10-30 13:24:06,107
2016-10-30 13:29:06,119
2016-10-30 13:34:06,127
2016-10-30 13:39:06,127
2016-10-30 13:44:05,122
2016-10-30 13:49:05,117
2016-10-30 13:54:05,116
2016-10-30 13:59:05,117
2016-10-30 14:04:05,118
2016-10-30 14:09:05,119
2016-10-30 14:14:05,121
2016-10-30 14:19:05,121
2016-10-30 14:24:05,120
2016-10-30 14:29:05,115
2016-10-30 14:34:05,107
2016-10-30 14:39:05,99
2016-10-30 14:44:05,93
2016-10-30 14:49:05,93
2016-10-30 14:54:05,96
2016-10-30 14:59:05,100
2016-10-30 15:04:05,101
2016-10-30 15:09:05,101
2016-10-30 15:14:05,101
2016-10-30 15:19:05,101
2016-10-30 15:24:05,100
2016-10-30 15:29:05,99
2016-10-30 15:34:05,98
2016-10-30 15:39:05,97
2016-10-30 15:44:05,95
2016-10-30 15:49:06,94
2016-10-30 15:54:05,92
2016-10-30 15:59:05,91
2016-10-30 16:04:05,90
2016-10-30 16:09:05,89
2016-10-30 16:14:05,87
2016-10-30 16:19:05,85
2016-10-30 16:24:05,82
2016-10-30 16:29:05,80
2016-10-30 16:34:05,81
2016-10-30 16:39:05,90
2016-10-30 16:44:05,106
2016-10-30 16:49:05,123
2016-10-30 16:54:05,133
2016-10-30 16:59:06,138
2016-10-30 17:04:05,137
2016-10-30 17:09:06,134
2016-10-30 17:14:05,128
2016-10-30 17:19:05,123
2016-10-30 17:24:05,122
2016-10-30 17:29:05,119
2016-10-30 17:34:05,119
2016-10-30 17:39:05,119
2016-10-30 17:44:05,118
2016-10-30 17:49:05,115
2016-10-30 17:54:05,113
2016-10-30 17:59:06,112
2016-10-30 18:04:06,111
2016-10-30 18:09:06,108
2016-10-30 18:14:06,104
2016-10-30 18:19:06,103
2016-10-30 18:24:06,103
2016-10-30 18:29:06,108
2016-10-30 18:34:07,112
2016-10-30 18:39:06,119
2016-10-30 18:44:07,123
2016-10-30 18:49:06,120
2016-10-30 18:54:06,112
2016-10-30 18:59:06,103
2016-10-30 19:04:06,99
2016-10-30 19:09:06,99
2016-10-30 19:14:07,101
2016-10-30 19:19:06,99
2016-10-30 19:24:06,92
2016-10-30 19:29:06,82
2016-10-30 19:34:06,74
2016-10-30 19:39:06,71
2016-10-30 19:44:06,70
2016-10-30 19:49:06,73
2016-10-30 19:54:06,76
2016-10-30 19:59:06,79
2016-10-30 20:04:06,83
2016-10-30 20:09:06,87
2016-10-30 20:14:06,91
2016-10-30 20:19:06,94
2016-10-30 20:24:06,98
2016-10-30 20:29:06,103
2016-10-30 20:34:06,112
2016-10-30 20:39:06,117
2016-10-30 20:44:06,117
2016-10-30 20:49:07,110
2016-10-30 20:54:07,106
2016-10-30 20:59:06,106
2016-10-30 21:04:06,112
2016-10-30 21:09:06,120
2016-10-31 01:39:05,97
2016-10-31 01:44:05,95
2016-10-31 01:49:05,92
2016-10-31 01:54:05,91
2016-10-31 01:59:05,91
2016-10-31 02:04:05,92
2016-10-31 02:09:05,93
2016-10-31 02:14:05,95
2016-10-31 02:19:05,95
2016-10-31 02:24:05,96
2016-10-31 02:29:05,96
2016-10-31 02:34:05,96
2016-10-31 02:39:05,96
2016-10-31 02:44:05,97
2016-10-31 02:49:05,98
2016-10-31 02:54:05,99
2016-10-31 02:59:05,99
2016-10-31 03:04:05,99
2016-10-31 03:09:05,100
2016-10-31 03:14:05,100
2016-10-31 03:19:05,100
2016-10-31 03:24:05,100
2016-10-31 03:29:05,101
2016-10-31 03:34:05,101
2016-10-31 03:39:05,100
2016-10-31 03:44:05,99
2016-10-31 03:49:05,99
2016-10-31 03:54:05,100
2016-10-31 03:59:05,100
2016-10-31 04:04:05,101
2016-10-31 04:09:05,101
2016-10-31 04:14:05,102
2016-10-31 04:19:05,103
2016-10-31 04:24:05,104
2016-10-31 04:29:05,104
2016-10-31 04:34:05,104
2016-10-31 04:39:05,104
2016-10-31 04:44:05,106
2016-10-31 04:49:05,113
2016-10-31 04:54:04,125
2016-10-31 04:59:04,141
2016-10-31 05:04:05,160
2016-10-31 05:09:05,177
2016-10-31 05:14:04,192
2016-10-31 05:19:05,203
2016-10-31 05:24:04,213
2016-10-31 05:29:04,218
2016-10-31 05:34:04,219
2016-10-31 05:39:04,216
2016-10-31 05:44:05,210
2016-10-31 05:49:05,202
2016-10-31 05:54:05,194
2016-10-31 05:59:04,189
2016-10-31 06:04:04,186
2016-10-31 06:09:04,181
2016-10-31 06:14:04,172
2016-10-31 06:19:04,161
2016-10-31 06:24:04,155
2016-10-31 06:29:03,151
2016-10-31 06:34:04,145
2016-10-31 06:39:03,132
2016-10-31 06:44:03,111
2016-10-31 06:49:03,89
2016-10-31 06:54:03,72
2016-10-31 06:59:03,64
2016-10-31 07:04:03,60
2016-10-31 07:09:03,57
2016-10-31 07:14:03,54
2016-10-31 07:19:03,52
2016-10-31 07:24:03,50
2016-10-31 07:29:03,49
2016-10-31 07:34:03,53
2016-10-31 07:39:03,59
2016-10-31 07:44:03,69
2016-10-31 07:49:03,78
2016-10-31 07:54:04,86
2016-10-31 07:59:04,90
2016-10-31 08:04:04,90
2016-10-31 08:09:04,88
2016-10-31 08:14:04,87
2016-10-31 08:19:04,92
2016-10-31 08:24:04,101
2016-10-31 08:29:03,113
2016-10-31 08:34:04,127
2016-10-31 08:39:04,135
2016-10-31 08:44:04,139
2016-10-31 08:49:04,135
2016-10-31 08:54:03,126
2016-10-31 08:59:03,112
2016-10-31 09:04:03,98
2016-10-31 09:09:03,94
2016-10-31 09:14:03,99
2016-10-31 09:19:03,109
2016-10-31 09:24:03,115
2016-10-31 09:29:03,117
2016-10-31 09:34:03,117
2016-10-31 09:39:03,117
2016-10-31 09:44:03,115
2016-10-31 09:49:03,113
2016-10-31 09:54:03,107
2016-10-31 09:59:03,99
2016-10-31 10:04:03,93
2016-10-31 10:09:03,90
2016-10-31 10:14:03,90
2016-10-31 10:19:03,92
2016-10-31 10:24:03,95
2016-10-31 10:29:03,97
2016-10-31 10:34:03,98
2016-10-31 10:39:03,99
2016-10-31 10:44:03,99
2016-10-31 10:49:03,98
2016-10-31 10:54:03,98
2016-10-31 10:59:03,98
2016-10-31 11:04:03,97
2016-10-31 11:09:03,97
2016-10-31 11:14:03,97
2016-10-31 11:19:03,96
2016-10-31 11:24:03,95
2016-10-31 11:29:03,94
2016-10-31 11:34:03,93
2016-10-31 11:39:03,92
2016-10-31 11:44:04,90
2016-10-31 11:49:03,90
2016-10-31 11:54:05,90
2016-10-31 11:59:05,90
2016-10-31 12:04:05,90
2016-10-31 12:09:05,90
2016-10-31 12:14:05,90
2016-10-31 12:19:05,93
2016-10-31 12:24:05,95
2016-10-31 12:29:05,97
2016-10-31 12:34:05,97
2016-10-31 12:39:05,97
2016-10-31 12:44:05,96
2016-10-31 12:49:05,92
2016-10-31 12:54:05,89
2016-10-31 12:59:05,88
2016-10-31 13:04:05,91
2016-10-31 13:09:04,95
2016-10-31 13:14:04,99
2016-10-31 13:19:04,106
2016-10-31 13:24:04,113
2016-10-31 13:29:05,118
2016-10-31 13:34:04,121
2016-10-31 13:39:04,127
2016-10-31 13:44:04,140
2016-10-31 13:49:04,160
2016-10-31 13:54:04,180
2016-10-31 13:59:04,201
2016-10-31 14:04:04,220
2016-10-31 14:09:03,240
2016-10-31 14:14:03,251
2016-10-31 14:19:03,254
2016-10-31 14:24:03,256
2016-10-31 14:29:03,258
2016-10-31 14:34:03,261
2016-10-31 14:39:03,260
2016-10-31 14:44:03,257
2016-10-31 14:49:03,249
2016-10-31 14:54:03,239
2016-10-31 14:59:03,227
2016-10-31 15:04:03,219
2016-10-31 15:09:03,216
2016-10-31 15:14:03,215
2016-10-31 15:19:03,216
2016-10-31 15:24:03,211
2016-10-31 15:29:04,201
2016-10-31 15:34:04,187
2016-10-31 15:39:04,177
2016-10-31 15:44:04,173
2016-10-31 15:49:04,172
2016-10-31 15:54:04,174
2016-10-31 15:59:04,179
2016-10-31 16:04:04,186
2016-10-31 16:09:04,191
2016-10-31 16:14:04,194
2016-10-31 16:19:04,193
2016-10-31 16:24:04,189
2016-10-31 16:29:04,184
2016-10-31 16:34:04,179
2016-10-31 16:39:04,177
2016-10-31 16:44:04,173
2016-10-31 16:49:04,165
2016-10-31 16:54:04,155
2016-10-31 16:59:04,143
2016-10-31 17:04:04,136
2016-10-31 17:09:04,132
2016-10-31 17:14:04,131
2016-10-31 17:19:04,129
2016-10-31 17:24:04,126
2016-10-31 17:29:04,119
2016-10-31 17:34:04,108
2016-10-31 17:39:04,97
2016-10-31 17:44:04,88
2016-10-31 17:49:04,83
2016-10-31 17:54:04,80
2016-10-31 17:59:04,82
2016-10-31 18:04:04,90
2016-10-31 18:09:04,103
2016-10-31 18:14:04,116
2016-10-31 18:19:04,126
2016-10-31 18:24:04,132
2016-10-31 18:29:04,135
2016-10-31 18:34:04,132
2016-10-31 18:39:04,128
2016-10-31 18:44:04,124
2016-10-31 18:49:04,121
2016-10-31 18:54:04,116
2016-10-31 18:59:04,111
2016-10-31 19:04:04,107
2016-10-31 19:09:04,105
2016-10-31 19:14:04,102
2016-10-31 19:19:04,101
2016-10-31 19:24:04,99
2016-10-31 19:29:04,98
2016-10-31 19:34:04,97
2016-10-31 19:39:04,97
2016-10-31 19:44:03,97
2016-10-31 19:49:03,97
2016-10-31 19:54:03,98
2016-10-31 19:59:03,97
2016-10-31 20:04:03,97
2016-10-31 20:09:03,96
2016-10-31 20:14:04,97
2016-10-31 20:19:04,97
2016-10-31 20:24:04,94
2016-10-31 20:29:05,90
2016-10-31 20:34:04,87
2016-10-31 20:39:05,86
2016-10-31 20:44:04,86
2016-10-31 20:49:04,88
2016-10-31 20:54:04,90
2016-10-31 20:59:04,92
2016-10-31 21:04:04,93
2016-10-31 21:09:04,94
2016-10-31 21:14:04,95
2016-10-31 21:19:04,95
2016-10-31 21:24:03,95
2016-10-31 21:29:03,95
2016-10-31 21:34:03,96
2016-10-31 21:39:03,96
2016-10-31 21:44:03,95
2016-10-31 21:49:03,95
2016-10-31 21:54:03,94
2016-10-31 21:59:03,94
2016-10-31 22:04:03,95
2016-10-31 22:09:03,96
2016-10-31 22:14:03,97
2016-10-31 22:19:03,97
2016-10-31 22:24:03,98
2016-10-31 22:29:03,99
2016-10-31 22:34:03,100
2016-10-31 22:39:03,101
2016-10-31 22:44:03,101
2016-10-31 22:49:04,101
2016-10-31 22:54:04,102
2016-10-31 22:59:03,102
2016-10-31 23:04:03,102
2016-10-31 23:09:04,103
2016-10-31 23:14:03,104
2016-10-31 23:19:03,104
2016-10-31 23:24:03,105
2016-10-31 23:29:04,105
2016-10-31 23:34:03,106
2016-10-31 23:39:03,106
2016-10-31 23:44:03,106
2016-10-31 23:49:03,105
2016-10-31 23:54:04,104
2016-10-31 23:59:03,103
2016-11-01 00:04:03,103
2016-11-01 00:09:03,102
2016-11-01 00:14:03,103
2016-11-01 00:19:03,103
2016-11-01 00:24:03,103
2016-11-01 00:29:03,104
2016-11-01 00:34:04,104
2016-11-01 00:39:03,104
2016-11-01 00:44:03,104
2016-11-01 00:49:02,104
2016-11-01 00:54:02,104
2016-11-01 00:59:03,104
2016-11-01 01:04:03,104
2016-11-01 01:09:03,104
2016-11-01 01:14:02,104
2016-11-01 01:19:04,105
2016-11-01 01:24:04,104
2016-11-01 01:29:04,102
2016-11-01 01:34:04,99
2016-11-01 01:39:03,97
2016-11-01 01:44:03,96
2016-11-01 01:49:03,97
2016-11-01 01:54:02,98
2016-11-01 01:59:03,100
2016-11-01 02:04:02,103
2016-11-01 02:09:03,105
2016-11-01 02:14:02,103
2016-11-01 02:19:03,102
2016-11-01 02:24:02,101
2016-11-01 02:29:03,101
2016-11-01 02:34:02,102
2016-11-01 02:39:02,103
2016-11-01 02:44:02,105
2016-11-01 02:49:02,106
2016-11-01 02:54:02,106
2016-11-01 02:59:02,105
2016-11-01 03:04:03,105
2016-11-01 03:09:03,105
2016-11-01 03:14:03,104
2016-11-01 03:19:03,103
2016-11-01 03:24:04,103
2016-11-01 03:29:04,103
2016-11-01 03:34:03,104
2016-11-01 03:39:02,105
2016-11-01 03:44:03,105
2016-11-01 03:49:02,105
2016-11-01 03:54:02,105
2016-11-01 03:59:03,105
2016-11-01 04:04:03,105
2016-11-01 04:09:02,105
2016-11-01 04:14:03,105
2016-11-01 04:19:03,105
2016-11-01 04:24:04,106
2016-11-01 04:29:04,106
2016-11-01 04:34:04,106
2016-11-01 04:39:04,107
2016-11-01 04:44:03,107
2016-11-01 04:49:04,106
2016-11-01 04:54:04,106
2016-11-01 04:59:04,106
2016-11-01 05:04:03,105
2016-11-01 05:09:03,105
2016-11-01 05:14:02,105
2016-11-01 05:19:03,105
2016-11-01 05:24:02,106
2016-11-01 05:29:02,107
2016-11-01 05:34:03,107
2016-11-01 05:39:02,107
2016-11-01 05:44:02,106
2016-11-01 05:49:03,104
2016-11-01 05:54:02,101
2016-11-01 05:59:02,98
2016-11-01 06:04:02,97
2016-11-01 06:09:02,98
2016-11-01 06:14:02,99
2016-11-01 06:19:02,99
2016-11-01 06:24:01,96
2016-11-01 06:29:01,93
2016-11-01 06:34:02,89
2016-11-01 06:39:02,86
2016-11-01 06:44:01,85
2016-11-01 06:49:02,84
2016-11-01 06:54:01,85
2016-11-01 06:59:02,83
2016-11-01 07:04:01,82
2016-11-01 07:09:01,82
2016-11-01 07:14:01,84
2016-11-01 07:19:01,88
2016-11-01 07:24:01,97
2016-11-01 07:29:02,112
2016-11-01 07:34:02,130
2016-11-01 07:39:01,145
2016-11-01 07:44:02,156
2016-11-01 07:49:01,164
2016-11-01 07:54:01,169
2016-11-01 07:59:02,171
2016-11-01 08:04:02,172
2016-11-01 08:09:02,173
2016-11-01 08:14:02,174
2016-11-01 08:19:02,177
2016-11-01 08:24:02,179
2016-11-01 08:29:02,181
2016-11-01 08:34:02,180
2016-11-01 08:39:02,177
2016-11-01 08:44:02,173
2016-11-01 08:49:02,166
2016-11-01 08:54:02,155
2016-11-01 08:59:03,145
2016-11-01 09:04:02,139
2016-11-01 09:09:03,136
2016-11-01 09:14:02,126
2016-11-01 09:19:02,108
