timestamp,TF_NL,TF_06hr,TF_09hr,TF_15hr,TF_18hr,TF_21hr,TF_24hr,bcat_NL,bcat_06hr,bcat_09hr,bcat_15hr,bcat_18hr,bcat_21hr,bcat_24hr
0,0.92,1.0,1.0,1.0,1.0,1.0,1.0,0.95,1.0,1.0,1.0,1.0,1.0,1.0
10,0.9956954058174464,1.0032553902332404,0.9868951302578264,0.9974503606613423,0.9988908681684894,0.9930891598659011,0.9932540348836976,1.0022917247937517,1.0069505160076901,0.9978025467123999,1.0041619638038022,0.9999537212527994,1.0055210712057414,1.0024577997392174
20,1.010830967266649,0.997285623648154,0.9864640097005911,0.9945407225325547,0.9996652530933419,0.9889616648452776,0.9897653631530774,0.9877645023302253,1.0157724516623847,1.0077546972754234,1.0087865747082565,1.0058341440474348,1.00366640925147,1.0060649062730953
30,1.0104357023663988,0.9941444222456703,0.9896157275843558,0.9924694120394162,0.9967388982230141,0.9902157761929036,0.9874447743685691,0.9962147642656213,1.0039691642989423,1.0000118028453526,1.0063710847525988,0.9950550248118728,0.9972497070652138,0.9954053634195685
40,1.009604254061504,0.9983536793735548,0.9880469888174696,0.9974365429218432,0.99921931796191,0.9946125570917546,0.9937512365771166,0.9878604704711659,1.0049635551672933,0.9957863087265657,1.010728680382883,0.9988261105681877,1.000350100213963,0.9996794048714754
50,1.0073430693654997,0.9953675489836975,0.9852103833029268,0.9938277993108409,0.9982004219587444,0.9928374037305097,0.9899732297039346,0.9913133279931058,1.000092440580413,1.0012426209223633,1.0062549537940368,1.0002308967787894,0.9995486205166955,1.0015874377892253
60,1.0081301283186097,1.001441325033569,0.9871951255328139,0.9978960765102083,1.0001482180466246,0.9945206665024537,0.9912373774718285,0.9890303095312069,0.9954905397293858,0.9897449185652014,1.0025233742607775,1.0011810379025359,0.9993166131689684,1.0041191110226972
70,1.0042173897644766,1.0049836938487327,0.9907967746315666,0.9978985561358216,1.0002696521461683,0.9962692574103758,0.9934655986530011,0.9932287347079352,1.0092656304030148,0.9953743646188005,0.9989583736529974,0.999634207519579,1.001066182578654,1.0076903508353878
80,1.0038942952079637,1.00662579973375,0.9934915911444536,0.9946142117741791,0.9999914796946372,0.9961984323941124,0.9959868755780322,0.9915592756251893,1.0150343115802574,1.000478349961218,1.008222141863085,1.0104465103921088,1.0067025244390428,1.0139634336070908
90,1.0056417689221655,1.0041669031933758,0.9855103426992821,1.0001801800372963,1.0000134205332842,0.9997008562347565,0.9962227824528469,0.9870930793098587,1.0149588741678264,1.0056267135057555,1.0156673434384498,1.0098684259818975,1.0094038109178078,1.0170935174254574
100,1.006261614846069,1.0017970092067678,0.9916080533884838,0.992188359306207,1.0018237339363611,0.9950132027211291,0.9959207347938033,0.982583067897597,1.011575530595291,1.0070250954194309,1.0141212837842501,1.0146416317782418,1.0145520380579738,1.0132044628909311
110,0.9964863551592346,1.0035983246306732,0.9946444216448149,0.9984583548299573,1.0032254191280374,0.998724365340208,0.9996832836157732,0.9858117372094287,1.0198460950762276,1.0034401490542675,1.0074187656033968,1.0065715136496889,1.0090421512338767,1.0115176547893248
120,0.9927643764932613,1.0052517190362498,0.9924039757565144,0.9995131522086409,1.0064530165158168,1.001427484989358,1.0001230418120555,0.9881604595358638,1.017797026874298,1.0047917153800088,1.0094441643774645,1.0101433970208826,1.0113993185515635,1.0150563420761352
130,0.9987981613200533,1.004832399482118,0.9921648084773835,1.0026623116654028,1.003821471653365,0.9990212421510072,0.997597294935463,0.980963651191124,1.0092478335158883,1.0110849288714732,1.0143961644673372,1.0143561639282013,1.0136591007030022,1.0145489971017174
140,1.0010999994297292,1.0048830835544686,0.9911402071010892,1.000556965213671,1.0029769811810607,0.9972377509299003,0.9955241479259117,0.9884426139247315,1.0131666243765647,1.0091184489706717,1.0092826737871692,1.010700309721741,1.0108478704891741,1.0154860187424173
150,0.9909729763306451,1.0020877081490631,0.9960639773080122,1.003127013229946,1.004929861487534,0.9984571637097315,1.0000998898399207,0.9818518155320867,1.014523471281114,1.0121779584343773,1.0065886854766122,1.0050572748287208,1.0095108181506003,1.0121940012194437
160,0.9968917303777808,1.0068505212696683,0.9871223841616696,0.994535087569103,1.0026453230040926,0.9988260015684938,0.9920772383396055,0.9893485271225546,1.0050324019831642,1.0077229592092167,1.0085556538631424,1.0073262865146195,1.0042441934954256,1.0092487639953127
170,0.9981958118063549,1.0062920896568697,0.9938406008524188,1.003594849710396,1.0052715304329713,0.998118633648879,0.9976913627333239,0.988264229728919,1.0128081528051815,1.0094534205343986,1.0099265153360126,1.0131489042747883,1.0079161370333534,1.0129633314627031
180,0.9881453150656251,1.0054366162946133,1.0004942179807195,1.0081790343187738,1.0117587093116533,1.0071959988781434,1.005801095625515,0.9859306782583405,1.0122090056202864,1.0029583567399407,1.011768884856358,1.0123323191446154,1.0124816678723922,1.0145588628387585
190,1.0085306942392602,1.007336668664675,0.9892777694161906,1.0006982758623588,1.0035497581458706,0.99779026492965,0.9983064281725473,1.0043467416200103,1.0089655054390738,1.0008328586359274,1.0084025983538256,1.008875184559379,1.0118946932537487,1.0105729860786166
200,1.0034268571390224,1.0033031314273866,0.990459722432892,0.9992871725537151,1.004578313846529,0.9959347322827673,0.9971886057846049,0.9978026844534447,1.0059107026638228,1.0015837087712927,1.0118684311281332,1.00465225786719,1.0083906575457198,1.0118853608111769
210,0.9973564531291704,1.0064300177929089,0.9942317707352444,1.0028537797495973,1.0077709366585812,1.0013325027040254,0.9972252249652223,0.9888204595487392,1.0110919673823968,1.0042312068679002,1.0115033313687822,1.0089986856509023,1.0087172480330575,1.017374279313026
220,1.0038858051058859,1.0037580249404288,0.9907038600500663,0.9984483067885352,1.0011689197428792,1.0006061648914237,0.9963631603351291,0.9917427409690496,1.0140574880567592,1.0082765117553927,1.0128607927106366,1.006649429211819,1.0128294427540496,1.0150738116412947
230,1.0036697008239495,1.002868464915816,0.9884104953292651,1.0010646857426788,1.007609667093226,1.0007424231730442,0.9964436330414823,0.9865073235084193,1.0185455457163084,1.0113079194441497,1.0193760467546724,1.0142001224060433,1.0168478418922486,1.0181020560896608
240,0.9938781162031999,1.0038848516629864,0.9935703159516753,1.0064901021539923,1.0063928029324765,1.0006656823130122,0.9991503920936848,0.9843116403978416,1.0142413688381682,1.0110695907647878,1.020561045101584,1.008707570426561,1.0177888461472264,1.0181723671176417
250,0.9970571593677934,1.007603581053834,0.9936683976809251,1.0080963882340375,1.0114830984636898,1.0010686947993532,1.0014546388618324,0.9938171383885321,1.0105935323143895,1.0057081062117394,1.020611451789732,1.0108479832761115,1.0186754781355487,1.0156227324275429
260,0.994866064586802,1.0040231559326427,0.9951771870595361,1.0031986645594466,1.0078864979561715,0.9999852297492302,0.99815383419427,0.9909398833694189,1.0069943300117052,1.0030180533243656,1.016238656374275,1.0116340782656685,1.0161073915302505,1.0128389576749535
270,0.9981403084250239,1.0041207185497205,1.003142787139529,1.0115181196931928,1.0105020969796086,1.0048622643643972,1.0033394624356586,0.9886042473277193,1.0155619221875443,1.0151230079384888,1.0253192996148002,1.0251208491667347,1.027949104851154,1.0221645878622443
280,0.9992156136009901,1.0061330582546089,1.0008415987678339,1.009945999054985,1.0100925451513758,1.005599342540763,1.0011232831919537,1.0013448428048877,1.0018060716239172,1.0082389958327813,1.0146993808725846,1.0129284982562514,1.0161656143021676,1.0121085302401647
290,0.9839700631273504,1.0058188558271401,1.0059755632512322,1.0161654991079923,1.012656844175778,1.0079632411603727,1.0016250573780445,0.9872413411502934,1.016657752182009,1.0158048548209808,1.0220091128516744,1.014659420429766,1.0210781102791362,1.018710278281778
300,0.9843319548142729,1.0113082499897286,1.0037127613571537,1.0146714195320827,1.0136966572201755,1.0083771727217188,1.0060023616109415,0.9891700444718382,1.0198847287894395,1.0127814324566882,1.0227290371850999,1.0200341090241098,1.0268771333586302,1.0241444062167022
310,0.9901154077892201,1.0094828570639625,1.005391879528801,1.0200201820554122,1.016261172899474,1.0121699370871462,1.0043600491809284,0.9861824006185262,1.0261122983232582,1.0214472738670692,1.0331841462054263,1.0244171423289505,1.0295130877881082,1.0248964463979864
320,0.9973064322980417,1.0173484450793384,1.0099796741278095,1.0175771082513214,1.0178435215344357,1.0119609077870426,1.0093743374061122,0.9979971700050985,1.027022254636419,1.0243116397111003,1.0328065637104118,1.0272368994766385,1.0357575762888176,1.0218451723155928
330,0.9957690516540204,1.0190121319249545,1.0199433811042136,1.0258944789230333,1.021876961949204,1.0193502861804973,1.0125363930386477,0.9843913498669713,1.0313247247260355,1.0268176140746688,1.0375807619261994,1.032272513361315,1.0399795269028758,1.0262967403481182
340,0.9885838167989999,1.0182010827367174,1.018175234182785,1.0231787440606719,1.0265656838424313,1.0233889566637746,1.0147192975849575,0.9796798576730853,1.0256797950821581,1.0258695389202461,1.0342778101336048,1.0334340569633622,1.0366365363592946,1.0316412056177986
350,0.9930272393013596,1.020757487646017,1.0153196269670968,1.0296168672247976,1.0247629686886994,1.024811668930326,1.01790103667441,0.9761965853127427,1.0345519783338832,1.0338069765234754,1.0414114025177152,1.0394318127218174,1.0454083336195847,1.0363606567400465
360,0.9874491184482358,1.0259910938487993,1.0237237911733459,1.0311076768838277,1.0267713199633048,1.0299160322451173,1.021398508897542,0.9751047782992223,1.0317133593858705,1.028459281452731,1.0426353746597912,1.037428660291597,1.040981996061883,1.0322349230904648
370,1.0033603079070068,1.0239748696351585,1.02111615940651,1.0309902791085181,1.0294682319534514,1.0284557797785305,1.023580768847903,0.9835890042073815,1.0354991068133572,1.0294330953489295,1.0414067279290207,1.0433969599019857,1.044974434344138,1.0329496295007856
380,1.002804502158423,1.0256615289316908,1.0236149855530485,1.029839968572438,1.026711493720163,1.024494518021939,1.0183838608678109,0.977782077618181,1.0446995586832661,1.0365402212863515,1.0489178645159694,1.0507235129489199,1.0522935195353278,1.0372543629690418
390,0.9930747301196013,1.0322736132463128,1.030492661526385,1.039487430368367,1.0314530512707516,1.033159585472672,1.028599192827937,0.9750728972965282,1.0452464197094373,1.0434878973752815,1.0527966323908684,1.0540706951861363,1.0581976919854283,1.0466598975362962
400,0.9970681254385313,1.0296700141660642,1.0324268189692836,1.0380465610239442,1.0395946619227048,1.0399944003804773,1.031386293577642,0.9802911550079393,1.046332880445717,1.0477153743738155,1.051923926504927,1.052345149056888,1.0587881288801309,1.0392703080366932
410,0.9902652368615844,1.0337296026777532,1.0364895777814964,1.0444648072009741,1.03807471390683,1.044259411125207,1.0299452684572876,0.9718968832252937,1.0436248529091756,1.0451365351923394,1.061137901011382,1.0521979073812753,1.0594499100852128,1.0466558088058047
420,0.9983275851690058,1.0337054145538631,1.0374689433339697,1.040743121358065,1.0443613823874713,1.0437142366001648,1.0317442817129816,0.9791678809556611,1.0345985129113842,1.0407160172927936,1.0529495702816614,1.0505491909314713,1.0570546610824605,1.0413579019901553
430,1.0000073826915032,1.0454059200284194,1.0468186696261181,1.0514160223183038,1.0509326362223708,1.0539829206874551,1.042377563554685,0.9831551493158075,1.0373370667985793,1.0486454362712607,1.0520691148300112,1.05605050928567,1.0594256709415513,1.0443378240534058
440,0.9903071499908865,1.0487606291679037,1.0479802239321425,1.051558618251521,1.0527443165508146,1.0563193695636137,1.044161343996726,0.9730789600649861,1.0377433116679142,1.055142307453956,1.0625163772139696,1.059548238247709,1.0643750215726349,1.0481992268968645
450,0.9857489958647824,1.0519311465427017,1.0451830249799774,1.057680155483352,1.0476112811709704,1.0571580173087276,1.0446297483980294,0.9739101333584527,1.0323369912980012,1.0499663014627754,1.057010466315606,1.0616260419034245,1.0656190858800356,1.0500973807523803
460,1.0039842961252288,1.057156125427266,1.0519773554552057,1.0573773575711525,1.0562849148438611,1.068307231058333,1.0503501280499092,0.9846022945478297,1.0262685618046097,1.0509028312907458,1.0626342906670239,1.0577499821344853,1.066466070209933,1.0544714824298405
470,0.9989376543465868,1.0585110828212514,1.049157784647989,1.0558322099495334,1.0559074738959127,1.0642936059528032,1.054619282396748,0.9863697137600598,1.0227071255825277,1.0557107653286764,1.0574152491328375,1.0601846070420797,1.0672161128292286,1.0489620122059522
480,0.9928179974830728,1.055760125741254,1.0523263510180358,1.059662981870515,1.0573094636970501,1.0665627175561507,1.0497931655567085,0.9826545661959788,1.0176447362167034,1.0553080693780414,1.061777348675131,1.0603666668784566,1.0687759642316388,1.0523587599787563
490,0.987642180423374,1.0604250137096627,1.059570524521253,1.0655155927347244,1.062095223256073,1.0771415422329422,1.0606513604370438,0.9697061519828456,1.0207753938874289,1.062748681525464,1.072001706156089,1.0745679701113688,1.08096583503769,1.062090813446742
500,1.0069453285039007,1.0626060618188586,1.0585536275198089,1.0671167825513814,1.0682257833895314,1.0806335414522243,1.061902868638441,0.9858617089026547,1.019454971986882,1.0643643331560018,1.0708312441745431,1.0739159813181394,1.077674757798421,1.0613859913810049
510,0.9964559867714949,1.0720257980647183,1.0683821736855226,1.066772081271027,1.0733513850227965,1.0870507759191876,1.0659935230409543,0.9692462018532971,1.0163176014632616,1.0717972575978365,1.073416891155441,1.0731049696496162,1.0777289054000165,1.0617022096957687
520,0.9943087673849312,1.0690704308890804,1.0677417508722509,1.0705029380205007,1.0716833351507935,1.089885470766339,1.064684052462081,0.9600179122758851,1.0114899352844726,1.0680543369952122,1.0725324014814466,1.0739082858025288,1.0796650235337448,1.0640734330336254
530,0.9979273419176456,1.0752477520695085,1.0751974301622016,1.0803972751850002,1.0793857147464174,1.0989544895659864,1.077484318457199,0.9696032685974005,1.0147614323388803,1.0763657028582974,1.0766322596338285,1.079050233068403,1.0836134058692501,1.0634488796349864
540,0.9936085503945108,1.0783059233337924,1.076356687688528,1.0823164340453797,1.080673538125673,1.0986140890327722,1.0798289033378259,0.9721235579105454,1.0177444518834153,1.072620756382303,1.0746676465590634,1.0776404485162185,1.0841419309096663,1.0636446579126893
550,0.9932752467654494,1.0708856667990352,1.0787587121766626,1.0764226428468988,1.0789409258736966,1.1002819071929952,1.0736820828152234,0.9683070232202984,1.0118508936544963,1.0732565413863395,1.072564713025664,1.07749289030224,1.083301642614826,1.065943919653173
560,0.9993359359791457,1.0900723985657033,1.085669719312957,1.0888721172666718,1.0927543397139394,1.115806532859493,1.088365253344434,0.9761522801765743,1.0103369954650308,1.0807777537117957,1.0796935063913615,1.0879955296373869,1.0894933388571117,1.0689285526626944
570,0.9985987605121284,1.0837281930655531,1.0913905538849065,1.0894480819923813,1.0897268613970126,1.1098475053996326,1.0872196112123107,0.976642614673511,1.0017715933813915,1.0761639750363121,1.0748319443535161,1.0812314572381092,1.0815776070489704,1.063190434967066
580,0.9913454880428926,1.0851158003042727,1.0881360247937422,1.0924552965835956,1.0914420186504925,1.1116093032402277,1.085170559895122,0.9715723501943947,1.0048484040744161,1.0729053530385995,1.0761395657658321,1.077535548767297,1.0803334858851663,1.0608705871286521
590,0.9994840038295297,1.0925839873514058,1.0931388237910653,1.1029279644184573,1.0938821158810326,1.1234706794504636,1.0898508921326076,0.9804691455995429,1.006939690177883,1.0717183931726482,1.081041052089402,1.0843283240993897,1.086997001137512,1.0652875345566577
600,1.000480513730353,1.0937340435185798,1.1011016938837428,1.1010283170806188,1.1018976377201404,1.1352851441470755,1.0977913121349814,0.9798497472917027,1.011487417615676,1.0768393949603408,1.087933164360045,1.0944672209364654,1.0957863885795862,1.075509346332623
610,0.9999862711086688,1.0980430753268462,1.1095342215718373,1.1038253622452348,1.1015918170933636,1.1329358449519664,1.0954305215003544,0.9844065955947972,1.0019874644800608,1.0661909846123923,1.081531053763481,1.0867930698436403,1.0866249347964319,1.0660786545580838
620,0.9919591264492956,1.0991314377275812,1.1129961402094852,1.1129982036465615,1.109577787487399,1.141823768742022,1.106740681976457,0.9759911034763218,1.0061309105911538,1.064251709164897,1.0872613755676053,1.0914338682594922,1.0969428333247138,1.0754985279889802
630,0.9993191065245212,1.1070183195769951,1.124317344262304,1.1197453925248406,1.118020183899108,1.1517503633286243,1.116408073296029,0.9879346163280855,1.002051732236484,1.0557471769597797,1.0822703506733633,1.08646684094531,1.0899564390032292,1.073774533118827
640,0.9948030826140392,1.1071738018398705,1.1285520847259893,1.1147382793920526,1.1152799136846823,1.1508140698198543,1.1152586954944845,0.9720946268937822,1.0023673752643047,1.0498757192113406,1.0836084128478518,1.087417401112004,1.088396651548104,1.07287979228968
650,0.9965098771017665,1.108471634631219,1.1282250225016197,1.1247622113153661,1.1224013982810068,1.1572464410518934,1.123297284017037,0.972355956576185,1.0122663968904833,1.0476992435066157,1.0890045124016585,1.097471562251911,1.097903205741343,1.0822343985596348
660,1.0013266967098202,1.1203359625506932,1.1428335116837502,1.1298040128316047,1.1325755369029968,1.1720888993026353,1.132658232122893,0.9800421113405189,1.0151234328194305,1.0448081377562262,1.0876713569532865,1.1046702505252133,1.1004541012064801,1.0793953676194081
670,0.9921956192927405,1.1255353090286242,1.1578917829210602,1.1414172026863612,1.141914751806893,1.1787659829063872,1.1419704147644962,0.9827147703476191,1.0081499174637576,1.038497934974914,1.0925873084951752,1.104701240598475,1.0966954487081977,1.0809196127433642
680,0.9956935449678758,1.1206540178275572,1.1554384714371708,1.1395685248664313,1.1419198811441995,1.1783320557077661,1.1419108850183606,0.978917608131874,1.0095789303796796,1.0324603430560737,1.0907000602956916,1.0986478693190456,1.0935114325775337,1.0828889689845416
690,1.0034135095753236,1.1267845530438858,1.1629969881990705,1.1468471553001716,1.1526740564417333,1.1903979782457925,1.1531861051473844,0.9794807296651118,1.005184915319112,1.0266898955782437,1.0892115389645245,1.1033872859222993,1.095879714556933,1.0832454590809673
700,1.0060760115972407,1.1276867751315343,1.166610934655994,1.1506869242071145,1.1500213583837233,1.196653582274969,1.1551662337148967,0.9833902876735943,0.9976061461348027,1.0209371770624796,1.087542733553178,1.1028029207263073,1.0949993202818429,1.0790698209510363
710,0.9940373300753577,1.124635315050205,1.1684246549695918,1.1517133312379269,1.1534585392447356,1.196239955015543,1.1522377611702752,0.9803832754236141,1.00222857187664,1.0166322344138528,1.0908031300212804,1.1020287338951742,1.0945510708583575,1.0799756861495302
720,0.9978592475895577,1.130944068724379,1.1773710696591118,1.1666993108367922,1.165222918477682,1.2104609028117475,1.1658842290815437,0.9771265408137504,0.9999688492324221,1.0112086965475757,1.0879984092792236,1.1012835048977256,1.0925071769961756,1.079093046636996
730,0.9983800967889421,1.1339953151185398,1.1889789427726787,1.1766344852285329,1.1793550370521708,1.2242091866951905,1.1757197394450656,0.9842442986137341,1.0044737350144126,1.0178372403594629,1.0949048408878754,1.105008746081036,1.1039132873685527,1.0849651423184405
740,0.9977336970399381,1.138500845598208,1.1871449096278663,1.1755989778414477,1.1827301998365285,1.2253540265333234,1.1808084337481137,0.9866791269302309,1.0022175632206707,1.0114053155827762,1.0938643784317865,1.1015432176886335,1.097822811215576,1.0825919398415045
750,0.9952303614012968,1.134212732298502,1.1924657611599865,1.1822330780936192,1.1829391549890906,1.2223860911603581,1.1812432711579017,0.9721339744387754,1.0050805736456065,1.009582740576939,1.0969181822507206,1.1042450764811738,1.100024040901332,1.0874440955111992
760,1.003510014887476,1.138728111514277,1.197775447851585,1.188449411900332,1.1908686619582507,1.2425316549998187,1.1913259602609498,0.983409965607134,1.0068335595352544,1.012619762322215,1.100296948323053,1.1068485749806247,1.1023291888450089,1.088030912272425
770,1.0030731431416697,1.1391105329540097,1.2074143894014482,1.1938595117363866,1.1983200825168052,1.2514252560034738,1.1939327796249604,0.9908763746910869,1.009224260765974,1.0071584109282106,1.0983413195985143,1.10593996453275,1.102873725325358,1.0856793962426936
780,0.9847893383451102,1.1516325033949557,1.2129554233427249,1.2043332239880788,1.204565743949198,1.2563442052443552,1.2005902228644274,0.976144295375446,1.0023150438377901,1.0037944581619684,1.0978779479691738,1.1026446953925313,1.1023739961171788,1.0808667400272491
790,0.9925968674994802,1.1406118053543683,1.2055524898908732,1.2013048729055398,1.201538945284787,1.2575392720156877,1.2038338496425864,0.9825673853246937,1.0024299234421996,1.0103999005348865,1.0993657981494158,1.1095506638807542,1.105474075278172,1.0886046635073432
800,1.0030645774892821,1.1481341804684193,1.221327366638415,1.2172045790782013,1.215752733430944,1.2661069955736854,1.2121961906540426,0.985616515073926,1.0053347254688139,1.0073900636511046,1.1012068192092943,1.1070612691412325,1.1054930734008268,1.0879458212937139
810,0.9875413439774788,1.1512664390128489,1.2190833628070377,1.2151475483813785,1.2199203797575664,1.2690997892688793,1.2091191773368215,0.9733291692461357,1.0043434315238635,1.0065307307988827,1.0991245040628932,1.1070431740564406,1.105509841029774,1.086272907853466
820,0.989383205158696,1.150095692031858,1.2206575639841653,1.2257762899978877,1.2250850672847737,1.2801313547202113,1.2231793523184344,0.9790249033453566,1.008222080927557,1.0105941783155585,1.1010441146868408,1.1085996722601414,1.111733387265739,1.0936376043640639
830,1.0016618000849378,1.1545810260786908,1.234641246114719,1.2368048085199668,1.2386105272176482,1.2989487588891302,1.234635914790594,0.9884029569612907,1.001573054468039,1.00349754322052,1.1036951939576551,1.1093337232130471,1.105797140655276,1.0912639370940178
840,0.9903955420688281,1.1536928053423714,1.234864156257459,1.2302286548076045,1.238408822253752,1.2960018031670408,1.231544284152287,0.980015461825732,1.0016295550303767,1.0064879443950074,1.104272204899413,1.1050552918357255,1.107417771146042,1.0916781244766702
850,0.9917007459420678,1.1477702008233273,1.2279803657939738,1.2395575017958467,1.2431408403668969,1.298150661697406,1.2309910919295,0.9829010335909996,1.0008864295572868,1.0046586699905993,1.1018768350746615,1.1092407556788477,1.1063442635326188,1.0923151909413327
860,0.9949381892335566,1.1544234699039002,1.2408106200935083,1.2527736449632476,1.2597338724864922,1.3146031401655298,1.2487612456936885,0.9819983218524666,1.0034553002305697,1.0070924419462262,1.1036805761965374,1.1131191504530793,1.109209028370988,1.0913426827332708
870,0.9876230618511478,1.1519889079998493,1.2410081510073185,1.252668741223336,1.2627727320003697,1.3191995263252179,1.2547713984603917,0.9798441869106786,1.0048269454870744,1.0085258737285512,1.103815120122652,1.1144709857845785,1.1117528201992508,1.0966473954826936
880,0.9845559475671043,1.158964714333377,1.2449530065972438,1.2662265717203063,1.2656205896188855,1.3242256799740613,1.260633156938288,0.9826898589033219,1.0069290701541163,1.009642330816316,1.1093920928999688,1.114719370833796,1.1100813027460936,1.0969666170991772
890,0.9938180044278616,1.1526337001688023,1.2446155916029884,1.2651321311284414,1.269619115260335,1.332142210762175,1.265273422567815,0.9866873643951972,1.0032429925136903,1.0050491748481425,1.1046628485685734,1.111307707681668,1.1072134951892005,1.093422236841231
900,0.9845293490731949,1.1600045957690561,1.254695019636788,1.2752988722128347,1.2867998050556957,1.3534467070323908,1.2777011882155804,0.9928007601531232,1.0006165766894752,1.0017106595328444,1.1006736763984173,1.1135252066832029,1.1084378531132781,1.092971052183048
910,0.996916355527992,1.152084692335575,1.2541927432486801,1.2718303415355465,1.2845605410475742,1.3540137232967049,1.2694523611863988,1.0014538726183295,0.996380677807968,1.000098935690048,1.0990139152579368,1.1146678561498526,1.1100345551145179,1.0909718111471762
920,0.9970612029127816,1.1592691192030848,1.2611265256784865,1.2954935277844917,1.2986246529334688,1.3626911252291625,1.2842832527151073,0.9916197187048117,1.0031874260563107,1.0066673962397559,1.1072054333682688,1.1188914224864777,1.1097673474984702,1.1001155822456739
930,0.9909350373496081,1.1559962442965919,1.2569521966833554,1.2992579946527205,1.3020688756086578,1.3683205640854994,1.2920525487229568,0.9880145122266646,1.0008068927218958,1.0070530388765648,1.1031380314645471,1.1163026601484167,1.1072693174272052,1.0960868976768388
940,0.9958222230472237,1.1617390583585676,1.2657978644950387,1.307475444994389,1.3126361804622073,1.3847268843462248,1.3034999243302128,0.9932642594074625,1.0010953344474995,1.0079766828060512,1.0992004262160722,1.1168620458371552,1.1079544986708163,1.0955311743895515
950,0.985038825847519,1.161740522674815,1.2730908503589498,1.3108713951796966,1.3155201091448694,1.3865248652673143,1.3039886718237295,0.9853031229591209,1.0097519194601206,1.0119443611904062,1.0973092487159901,1.1208814076608338,1.109828093375372,1.1007152025190758
960,0.9882222177194372,1.157689803884578,1.2709855563325334,1.311755012084586,1.3295151557337284,1.3956847448288796,1.3098071480031215,0.9991063340707471,1.0033051135186977,1.0080928799069169,1.094423954983721,1.1218343877389445,1.1103236771298597,1.1013119059145327
970,0.9779576284848276,1.1618824791447735,1.2762075810089772,1.3244139120693776,1.3324242596614027,1.401239506991128,1.3252812999901802,0.9993492038993588,1.0039309797434899,1.0089796725878144,1.087498076299115,1.1173287539536103,1.105610492969565,1.0950488046384574
980,0.9786170315637784,1.1556155867595446,1.2756438817081297,1.3208671603732194,1.3341303661046982,1.4073765613658265,1.3146933481510716,0.9890523406355458,1.0018978777339198,1.0066428061415404,1.0787700777762512,1.1202473709312142,1.1074816785711166,1.0949351390251933
990,0.9937113134157826,1.158410909056777,1.2757448184528966,1.3323182405006464,1.3468236277534364,1.4247410553142519,1.330893563558368,0.9942533673688214,1.00845640743191,1.0073754735507994,1.081851590586357,1.1309600367199626,1.1164801221455758,1.1032361755984261
1000,0.9849258792823655,1.1638591318481457,1.2870382630162909,1.339455867606476,1.351498417887286,1.4339905168881981,1.3418816595266834,0.9911883014751885,1.0132527093151544,1.0110315844345694,1.0782431068925604,1.1263780578176785,1.1167168353101262,1.105008164015728
1010,0.9794745072108274,1.162883241057127,1.2875466000320137,1.349311020295454,1.3695089031772625,1.439992063812408,1.3470187017460642,0.9933274666453624,1.0015466448610346,1.0063070514858394,1.0629585515458047,1.1206700462816677,1.1070785076979168,1.0945623316714768
1020,0.986823189615407,1.1614624162842277,1.281573999479709,1.3563654387206716,1.379256739447662,1.4491818372475573,1.3526019449824074,0.985480757757641,1.0066939308515541,1.008851292875605,1.0627748396428194,1.1272689515289906,1.1164040420872752,1.1011213438779937
1030,0.9814203035377448,1.1691859769109798,1.2887013241032985,1.3653651860528875,1.3801284125181703,1.4613391340425164,1.3673140858056105,0.9892201302697683,1.0119487010399533,1.0114148145626243,1.0608966326791252,1.1233559772283568,1.1170008615724392,1.103734710271575
1040,0.9767264806230326,1.1752621110578252,1.2954667410157046,1.3781694652969723,1.3954700301300087,1.4718772559098316,1.375275357622047,0.9849822294519919,1.0086648802550136,1.0065023226003182,1.0569560744971682,1.1249454979600895,1.1143579636851086,1.1002392569193398
1050,0.9699429833130034,1.1657056173776694,1.2922562262631097,1.382504595511636,1.3945717357881064,1.47654388960393,1.374128793783291,0.9871998265186204,1.005382854946001,1.012091460907521,1.0512110869477342,1.1251424713855942,1.114205657928655,1.0991974849373753
1060,0.9769633415739355,1.1682151691978855,1.2897838482109876,1.3885483333215354,1.408540912976993,1.486032793169116,1.3826385859665038,0.9878823489261914,1.0124765714168433,1.0097315712486339,1.0539204188223121,1.1297265000971395,1.1229803880098537,1.1087611391574181
1070,0.9794520360221549,1.1796422590363953,1.2976441742589144,1.3996659670231217,1.4245437305292632,1.5016209071032844,1.3967205579714195,0.9932250210493156,1.004312312482732,1.0044005022769078,1.0410544016741194,1.1227526313259644,1.1140420507931978,1.099592131175035
1080,0.969603444741295,1.169836603352035,1.2950260767271424,1.4091555426057272,1.4285450149776646,1.5103808078104337,1.3945380462055992,0.983637607652043,1.011751923538774,1.0083445132713629,1.0469070412674104,1.129731956712057,1.1203361569130201,1.1036952437522007
1090,0.9700049105681358,1.1716069135493035,1.2944505963848632,1.4174681816926227,1.4342478085530375,1.5253487052307064,1.4061397352577956,0.9978934639915493,1.0062870612526018,1.0109229227419618,1.0353266121509006,1.1243849496299645,1.114325506748862,1.101353646675487
1100,0.9599114026370265,1.1714638006868485,1.3054447515896586,1.4194728808589754,1.435423858809505,1.5296101270656886,1.4129099197075998,0.9960922768906775,1.0028118557417351,1.0045456622487345,1.0329035475497388,1.1175612936251176,1.1123649206302653,1.0982702067219154
1110,0.9581137430247407,1.1745661641243759,1.3032423396977175,1.433414847002365,1.443937008518426,1.541908499196266,1.4210626496403136,0.9919013866133579,1.0060641240599235,1.0024302902652384,1.0299194037589858,1.117271721808791,1.1098781932938766,1.0962507585453434
1120,0.9556476796253329,1.1751539168334415,1.308048519485602,1.4406589662038667,1.4545596765082007,1.5600447162456863,1.4240544289123216,0.9968270649878783,1.0100542004829072,1.006868609613943,1.031890505181935,1.1167184549259084,1.1204100506855834,1.0984382146496947
1130,0.9581319615702849,1.1736087948885188,1.3145345908349961,1.4574252351884192,1.4715970837701278,1.5708819926028412,1.4365812555474333,1.0013629266973423,1.0008818571888611,1.0055274135671783,1.0280343714839126,1.1081004019573553,1.1110575365828206,1.0975812297013712
1140,0.9509909049024982,1.165002666153958,1.3036872601012295,1.443964003659604,1.468131881387695,1.5637879530085521,1.4374182479439406,0.9958596377411084,0.9968076387292601,1.0007512344766565,1.021051207618289,1.099962836979574,1.1072030147379077,1.0934522875498032
1150,0.9603116179646193,1.171906754486788,1.311245225538121,1.4621921431307578,1.4848834489003373,1.59207024143323,1.4499709344686176,0.9919503216023606,1.004043362401914,1.003276021330823,1.0231270728979907,1.098476584409352,1.1148485678634976,1.0944777230004434
1160,0.9541304595063046,1.1753854887550026,1.3223185470735723,1.4782296231508143,1.4911707363813704,1.6103216835576846,1.4647113217552112,0.9963712428294644,1.0046035149098902,1.0058568743172105,1.028690784713821,1.0977517492992994,1.1176006721087834,1.1031055486353674
1170,0.9583136645951501,1.170031788632783,1.3178512191295915,1.4767885348821257,1.497092935669198,1.6145195921280462,1.464924756127251,1.0031680669151066,0.9941117493688729,0.9995147221051996,1.0162104810438148,1.0819088507564807,1.1119562267648384,1.093041840982226
1180,0.9571238413759237,1.1717394661233604,1.3140510367103007,1.480493057522918,1.5052706440713282,1.623744678915637,1.4756027207215379,0.9904673412717186,1.0000234164450856,1.0059213640079805,1.0250851820266464,1.0835587646397906,1.113015965536851,1.098691885940303
1190,0.9499324189675619,1.1752799492550796,1.314480819006525,1.4946949300849548,1.5151531482766942,1.6396156011802092,1.488903332494417,0.9986503991629205,0.9999486369515278,1.0013362031895023,1.0137684841560184,1.0707265189257051,1.1124895864095234,1.0969664573440414
1200,0.9566306364055178,1.1665981025033756,1.3114012198706102,1.4967816433705035,1.5190497730098356,1.6414369622923441,1.4880517433851073,1.0009206158484187,0.9976985803368554,1.0002323800115924,1.0163439202769802,1.0639453654098918,1.11176602521575,1.094868943040423
1210,0.956199487457915,1.1738897362947132,1.3211779030712405,1.5084258214180029,1.5431622595892227,1.6587332799543661,1.510182019186816,0.9950034807203445,1.001440431382154,1.0037463712560482,1.0182047644989416,1.0672313871210044,1.1130637714701843,1.096631204778098
1220,0.9502336058630988,1.1704624159616461,1.3145934800253878,1.5026365221555764,1.553474985868125,1.6742340530396516,1.5198380628306043,1.0055142098833831,0.9986299138124484,1.000483667094021,1.0162120086536228,1.0612045814486388,1.1162688971774992,1.0989190392574133
1230,0.9494829973735445,1.1769123618133284,1.321688995762643,1.5159866276170182,1.5650926328281396,1.6879734868369631,1.5241575010696584,1.000564711443162,0.9970648851613684,1.0027306441931416,1.0149630342131666,1.0568973647465074,1.1179392948359972,1.0941876773435977
1240,0.9500148251530632,1.1777832740546508,1.3172070885022094,1.5286074503409752,1.5645337081699449,1.6855582926704114,1.5407245847538635,0.9947653955402287,1.004176828166249,1.0054917407457253,1.020736581161215,1.055902615123115,1.1145679241951414,1.1017633967859077
1250,0.9581737357832577,1.1733533732060693,1.325905726120384,1.5286886277435179,1.579138507873937,1.7007508351584848,1.554284566297948,0.9955463285340092,1.002114654945547,1.0028875017763474,1.0134864515312878,1.0504521155851725,1.1147397672046184,1.0987716182518523
1260,0.952321566508545,1.175140954353643,1.3202063436272713,1.533962391003004,1.5925175126795654,1.7124272300742174,1.552729565378463,1.0092565317669153,0.9951955492393565,0.9995625658674403,1.007251560403003,1.0377095037005346,1.1074596948769162,1.088122848306741
1270,0.9413701330585945,1.1708896009488825,1.3175698285025823,1.5312223736208943,1.5898988148146032,1.7158443491416246,1.5599630345702757,1.0038498261226259,0.999747596188407,0.9991765977130438,1.0078745533307318,1.0400369043150401,1.1061012902397405,1.0922080892447612
1280,0.9537418801980165,1.169041988647896,1.3261100342168657,1.5551122252700473,1.606353961884723,1.7463338488518532,1.5842145144432416,1.003513406452397,0.9992038760712643,1.0011165648249545,1.0148727818400571,1.038314859966113,1.1131457467103965,1.0984141892016137
1290,0.9593616584743291,1.166124646623408,1.3202565160232882,1.557381490133619,1.6166328462481006,1.7586100465158507,1.5921254566382133,1.0022400459978302,1.0063519973148658,1.0056966868613222,1.0150125308220308,1.040680861728922,1.115769136091372,1.1024840745373132
1300,0.9422177132531137,1.1727336013897864,1.3241941817689118,1.5655634761591282,1.61995595111064,1.7590923935787601,1.597164212671771,1.0075815601483675,0.9942325002470218,0.9930194126426122,1.0043948500986677,1.0214334785863313,1.0988288276544518,1.0879780492234017
1310,0.9504113977559984,1.1679126650495615,1.3158601621063357,1.5598896442600543,1.6252477274105495,1.7698791508568634,1.59906448560969,1.012526549761361,0.9929697303037073,0.9983627907810391,1.0087895442834356,1.0270791002660073,1.1015233801933986,1.09388023121251
1320,0.9496947081434085,1.1708877308034662,1.3194504893136663,1.5593800507178552,1.640480674138224,1.7786710321648833,1.6177407811906828,1.0050040709822918,0.9997548332067145,1.0005439201114945,1.0083384018370005,1.0256316222920077,1.1035207054518579,1.096970556891721
1330,0.9491540113420248,1.1627851026224576,1.3237629916819182,1.5699395930378919,1.6352913635807678,1.7755214389753666,1.6228124666029369,1.004191017777824,0.9986247906508512,1.0005103636532195,1.0041652567650312,1.0201391193371523,1.0887603297202308,1.0913167789294704
1340,0.9467424180102108,1.166134830530814,1.3229440439604083,1.5686967028003989,1.6478820597962973,1.8020376026030376,1.6315920359787475,0.9943809043361194,1.000061742251711,1.0025878457018125,1.0097750557608398,1.023977976550546,1.0921716175357306,1.1002429930015643
1350,0.9483724766201876,1.166074782671323,1.3353520885770371,1.5979209868379178,1.671990940726578,1.831328037660779,1.6601006853843878,1.003345367188601,1.0033967740280474,1.003476503916004,1.0091170500469258,1.02149054300681,1.0852259419817853,1.0999596200615414
1360,0.9468045031323825,1.1688441913171959,1.3350405077201501,1.5969819283219455,1.669712198376526,1.8248254986181895,1.6573394423364434,1.006336787192262,0.994989838905695,1.0001751920175879,1.0021285199591101,1.0150433851386589,1.0801791741010827,1.0884118533771914
1370,0.9410944156835556,1.1677669888283742,1.3303218574807376,1.5944935621545078,1.6741713702882013,1.8308540369156963,1.668405609930665,1.0031720289024133,0.9980098176350194,0.9991077441695135,1.0015724090315017,1.01546806601841,1.0748541740642348,1.0926430191727003
1380,0.9484900778958455,1.1598135792041848,1.3258588786112186,1.5989273250614615,1.677092659551279,1.8420787824067624,1.6662413610910303,1.0035794480842375,0.9981076160304412,1.0024405046870064,1.0034978017002476,1.012334055780772,1.0660042003528354,1.0951824528214393
1390,0.9435562927029967,1.1698706866724438,1.33603766863116,1.6036309053489854,1.6986781135747235,1.8538961690559983,1.6865248137614053,1.0018209395480282,0.9969913544131597,0.996714991855852,1.0014063840504819,1.0099345705994154,1.0600527801971489,1.0839337026950857
1400,0.9312449005181717,1.1692185387384813,1.3390112306287967,1.6005664069928898,1.7031341882446398,1.863287297399407,1.6891895685276261,0.9994646499706319,1.0025496519712078,1.0082052709765206,1.0109135021887645,1.0161077269333483,1.0631433495036946,1.0984989031440273
1410,0.9374093971379279,1.176159680552792,1.3460449876865557,1.6138616383556013,1.727881879164725,1.8853782260548813,1.7147006328666223,1.003157344504841,0.9982187624993091,0.9997455723499387,1.0035899668615853,1.010909290976159,1.052189887936634,1.0923045562298588
1420,0.941365809541956,1.169925354441001,1.3444808594137192,1.6153796459563106,1.7385298326704324,1.9049324737557396,1.7198880530093796,1.005394535308727,0.9980724080792871,0.9982945576309956,1.0053656146275944,1.0135578705075323,1.0542816377100719,1.090746071335032
1430,0.9336445480650976,1.1722968138089538,1.3426027913323564,1.6122857080461808,1.7382899162039127,1.9120599257769637,1.7234974641089917,1.0013730704874637,1.0015235445638102,0.995066946454036,1.000102729568234,1.011011450933864,1.0479686457093753,1.0897263817064904
1440,0.9433023353643567,1.1694471601163285,1.3375125623454114,1.613921932308703,1.742529489955834,1.9200497006197783,1.7397251722511267,1.005495742375661,0.9964325152974993,0.9954075090769949,1.005256829957134,1.0119473389997857,1.0475632901300314,1.0890049017057317
1450,0.9404455008502969,1.1671723072977889,1.3446462360106253,1.6314798037220393,1.760437465574829,1.9430409451022297,1.746592021608933,1.0107697964637046,1.0023280687333678,0.9992846450554904,1.0020932512464664,1.010126645040433,1.0482202467790702,1.089638420543796
1460,0.9337962066766533,1.1707684503839126,1.3415180566832672,1.6340250349613497,1.7623575905960318,1.939739134058546,1.7519157326443229,1.0093001432294417,0.9973091842956361,1.0000147052942043,0.9992699379081333,1.0086635349118493,1.0357488082709079,1.087812923826231
1470,0.9374773161737638,1.1748341500126727,1.3384595552095608,1.6246775611974664,1.7698308142834893,1.9450774825165267,1.7605899710478616,1.0020914752674537,0.9973926940971467,0.9997507220609503,1.002962472239989,1.0093129907168805,1.03907113325485,1.084855200410622
1480,0.9354972849602364,1.1664294107363897,1.3375659596032055,1.636951651347517,1.7855694713901742,1.967097879053528,1.779116677854363,1.0021823566921217,1.003235588593487,1.002488302066435,1.0077768411179775,1.013949488971575,1.0416178709768085,1.0899324042035645
1490,0.9423003682037966,1.1760713206853142,1.3438849001606128,1.6451317011956208,1.808045029119251,1.988640327310359,1.805129923257359,1.0078301707686885,0.994747836838592,0.9967478581663349,0.9990602753144624,1.0059717471535414,1.0299001952251716,1.0813096183629933
1500,0.9360701077745687,1.1681987316463984,1.3378754366415895,1.6379999353683572,1.788541775911436,1.987641998291041,1.809960151981627,1.0126342185858332,0.9955826407049111,0.9995037572800727,1.0006609000450253,1.004335062495822,1.028835205842925,1.0763742864120167
1510,0.928995219802831,1.1701656290759566,1.343925991332406,1.641310435440754,1.805711710149151,1.9948616281326346,1.8253949524726045,1.0084958799566888,0.9975374251860449,0.9977362311967506,1.0026872341165582,1.0092167627229247,1.0253712155196377,1.073929845590294
1520,0.9337725051646247,1.170415234355361,1.342002709639075,1.6435881990216572,1.8027133877089172,2.0009412415183574,1.8210678978227506,1.0097591571275317,0.9961981753061135,0.9998234516748328,1.0039403483167058,1.0070774908147453,1.027168800833153,1.0652914130211846
1530,0.9286005101765483,1.1713811634494453,1.3391513953353686,1.6406233223245996,1.807837143965949,2.007974722632712,1.836205564451749,1.0066984679887505,1.0011952527154735,1.000831362813361,1.0059686860645471,1.0090309422184847,1.0228728957446203,1.0621524539757896
1540,0.9280798769179045,1.1705270363306677,1.3374620775625825,1.6396972905482432,1.812463828483561,2.0108005202490964,1.842625027802009,1.0096702264738944,1.0015242131766036,0.9983852728314835,1.004111920021923,1.0067815029165834,1.0200348399532033,1.0595117306953568
1550,0.9308694669490617,1.1691310792323248,1.3376122190849902,1.6406621383209186,1.8155859543828883,2.028435502718008,1.8475975267016427,1.0048522774892277,1.0020317409757078,1.0013707051746674,1.0015042116723167,1.009676195983677,1.0283101914145858,1.053739065332923
1560,0.9268689227580568,1.177504512773825,1.3501513461178938,1.6519848765450207,1.8337514109098363,2.047001005356708,1.8742458210881283,1.0103944474318542,1.0045149380570075,1.006232841419543,1.0094240237553054,1.0131689744015557,1.024828921210965,1.0596167212878842
1570,0.9325651183210241,1.1778508365381657,1.3569318051904702,1.6731992339378667,1.855016282334986,2.0788574633590082,1.8941070865020935,1.0107199496892376,1.0004587202878665,0.9991478149751976,1.0042557198975803,1.0097231523892252,1.0174797561540792,1.0482326498835857
1580,0.9298540992174945,1.174060203432644,1.3464435212357002,1.6522578819194926,1.8474734629560556,2.0675250745590588,1.8862495444209126,1.0013293478285967,0.9999572024820029,0.9976413138247431,1.0000237111110009,1.0065865034044637,1.0156719959928806,1.0364200940877952
1590,0.9288417762733273,1.168051176350358,1.3385054178734137,1.6457691205490201,1.8379530329154345,2.076726904990587,1.8930958300889529,1.0066893805551884,0.9984414259806407,1.0020600596454,0.9983255443453525,1.0051832421204963,1.0145799812252942,1.040120236888741
1600,0.9318420127885264,1.1723041639439784,1.3466501666914041,1.6607422781489363,1.859050339419697,2.0984330003589076,1.9078841681506362,1.0099256966800063,1.0003775045093082,0.9997237442505291,1.0038405425571906,1.0022734131839415,1.0157056721780642,1.0363230571286042
1610,0.9295208891261731,1.173457518815876,1.3442670611741052,1.6592611332414302,1.8505789959641525,2.1016876826812134,1.9120455464813721,1.0122508708093685,1.0009099592513386,0.9995455904734092,1.0003015220021383,1.0021652049594902,1.015483268813222,1.0311180822035904
1620,0.9198550402313144,1.1766405211076005,1.34729182962445,1.6594545774336216,1.8541762822102694,2.0989765572700674,1.9053044474636363,1.006045863854709,1.0059632409615404,1.0051900481709342,1.002494609396448,1.0060972396725743,1.0145118345545523,1.0343473110183612
1630,0.9279544170599495,1.1705733310341664,1.3451938880124112,1.6735308675310767,1.8694544743156705,2.122707499576078,1.9340099800544666,1.0034435300220015,1.0016608387331807,1.001737560609748,1.00497465762236,1.0038462190898436,1.0133153043984215,1.033041117097039
1640,0.9249450063853301,1.1807413885366151,1.358909209842723,1.6758819884602238,1.8751233347445244,2.1289834097658122,1.9523062069224637,1.0186601385788125,0.9997611911185642,0.9975422208129856,1.0050098421471905,1.0051348585291737,1.015481317095966,1.0254443436990792
1650,0.927902814890354,1.1765109465420438,1.3553751447128621,1.6760224951658231,1.880193891283898,2.126129846410209,1.93911944621725,1.0165791487822025,0.9965010519461268,0.9925922544539725,0.9965548648783537,0.9996738145112363,1.008056498621454,1.0202074855177878
1660,0.9204519399374093,1.1734379150769456,1.349751016765358,1.6702582283444722,1.870531936893514,2.1213303681632003,1.9575465220101567,1.0114224690581421,0.9953776691019691,0.995101017982569,0.9981741669339069,0.9994035867782414,1.0060001718268643,1.021089863487443
1670,0.9227552451272206,1.1649527832655,1.3486186992291875,1.6780839065215503,1.8715857800388047,2.1438162183128275,1.972601687505608,1.0104511076595752,1.0019624542813788,0.9993369988493341,1.001051586165665,1.0044759613095906,1.0064370956374986,1.0195901136574674
1680,0.925999726870056,1.1726511180987442,1.3569001851455003,1.6798018300302,1.8963024170087062,2.165488722980134,1.9888190499182152,1.0152798971929853,0.9992147543513807,0.9964912809763975,0.9999515435733916,1.0016632306441204,1.0095260770240615,1.0184382554613065
1690,0.9154195689527608,1.174817381707352,1.3588497032474343,1.6819384882493704,1.889908473847799,2.1617968985491367,1.9910925830126183,1.0081178859383964,1.0025972240935987,0.9968853212323117,0.9989374653738516,1.0033346840152608,1.003433994192593,1.0168578341424166
1700,0.918550483010307,1.1723355523720689,1.349290460558707,1.6774598167935744,1.888969515853245,2.1598467137097184,1.985472114494836,1.0147177894702208,0.9979729896355707,0.9932137461005071,0.994331482994347,1.001477169149793,0.9983284113632215,1.0128346849050538
1710,0.9127530113757505,1.1721030214173442,1.3567103974769956,1.6762287361385404,1.8805775979642236,2.1707383316140554,1.9968289741899938,1.0148287911109608,0.9948281887258592,0.9922234953724904,0.9918869432114453,0.9955028196428222,1.001275976922002,1.0073510831308428
1720,0.9160703357848332,1.1729425993078129,1.3513188322129186,1.6808805513502418,1.8868885979553593,2.174201197184022,1.9917747535758556,1.010755388132303,1.0027691854758445,0.996192892843415,1.0009251255149358,1.0032610108767293,1.0114816065104306,1.014450427159223
1730,0.9188536788880731,1.1752025302392908,1.366066560165836,1.686584820431841,1.9023481393008632,2.2031275146513742,2.0102704162876117,1.0112616100038052,1.0009808518444077,0.9984919816698239,0.9989884270563737,1.0031455490457362,1.0066080996016757,1.014939118545552
1740,0.917646082650603,1.1718246204389375,1.3601880240126119,1.6811783716472684,1.8899813782925754,2.1779740961543776,2.0250601661142493,1.0083166012473492,0.9943977751791953,0.9941752407806046,0.9958526969671505,1.0015174724704603,1.003329629143779,1.0123669028392404
1750,0.9232510255166478,1.1715520545577531,1.3619323400034937,1.6656425404147153,1.9069273466425685,2.209599274863447,2.048905310027418,1.0062973071839612,1.0002620662523236,1.0007580838492376,0.9987984068335123,1.0043386023085623,1.0048935834050647,1.0188359747558766
1760,0.91696332482043,1.173404174267782,1.3577334265581191,1.669319864605455,1.8911131812191857,2.193808847697357,2.040778087604556,1.005172130303963,0.9919845661309536,0.9975939012999184,0.9966636798306873,0.9976167065748992,1.000227187351487,1.0079613097882767
1770,0.9077194047586201,1.17252598536074,1.3550339402486804,1.6732529808049894,1.8748905823023236,2.1863795909583503,2.0416387062185706,1.0118263487656665,0.9922225689146587,0.9961488695940668,0.9912019932119787,0.9944724646636334,0.9961471402336886,1.0040705405980068
1780,0.9127792509563274,1.177635554375907,1.3646732344236452,1.689179306535752,1.9064939421243756,2.1961656317125993,2.056467841049545,0.9995785788303362,0.998684394642104,1.0001206656831956,0.9988544502687257,1.0029053175810168,1.0046922062903418,1.0139628084691132
1790,0.9202943030528102,1.1756694359930635,1.3712527192151978,1.68448869781218,1.909618416894605,2.2059536028724116,2.07296365550225,1.008117059879255,0.995388765498477,1.0021212193381965,0.9923899384078719,0.9986700941672599,1.0005860778570321,1.0093055480498139
1800,0.9133997459025702,1.1743399485425625,1.3722677861104227,1.686286517411409,1.9158405808412202,2.2200987858499355,2.0813807814073106,1.0114258501567486,0.992621618685853,0.9973679997721088,0.9962727458058881,0.9959659846281982,1.0012397772960122,1.0082994639225944
1810,0.9126178162382591,1.1708011095253128,1.3669575512296444,1.6838291746351803,1.915590012634624,2.205769469470659,2.080657849084181,1.0099592213256277,0.9887785914179283,0.9927723600146863,0.9896699886680635,0.9895335887995051,0.9986369751687556,1.0016745918175087
1820,0.915216433770253,1.1684814725769845,1.3631697515741381,1.679787860467997,1.903950328523619,2.2051580183297426,2.0857647195024405,1.0036218292552181,0.9949393742505372,0.9969616451756822,0.995179493964549,0.9956614045495541,1.001160375949344,1.0060658693981077
1830,0.9082306934352373,1.1757546981668663,1.3621815998451567,1.6807375888520468,1.8987244717836957,2.203357059787759,2.091489005878762,1.001127984988176,0.9967570478529388,0.9990440024175447,0.9962047528746331,0.9951192240287672,0.9988739101165084,1.0137946930811967
1840,0.9179663550840297,1.177763736122988,1.3778803827117847,1.6978213645797076,1.9138717171874569,2.2298832241323336,2.1114603265363674,1.0077033679500642,0.9932865432552043,0.993870922203153,0.9946150690264034,0.9937515476129558,1.0003192001125467,1.0043629654948334
1850,0.9057044489678094,1.1830646986005293,1.3813063360557212,1.6933476684338489,1.9305142937789472,2.2353096125738636,2.125657030227303,1.0198613620779193,0.9953131154258921,0.9907174898474143,0.991935260859225,0.994287917261717,0.9974459292750939,1.0024767430811279
1860,0.904502033381558,1.1839280604455449,1.3830366160958931,1.6942910507362452,1.9118953583216207,2.2249460099205742,2.115091871990986,1.007636780277045,0.9991451327825156,0.9965880738146393,0.995735361175279,0.9940928718113462,0.9993892790012325,1.0015751794490784
1870,0.9135937184750411,1.1802559404802444,1.372344321609223,1.692301304964913,1.8948927983956774,2.2106588705977064,2.100669446939314,1.0020004489045813,0.9960897695950914,0.9888670377655648,0.9923234970130319,0.9895795913380607,0.9983959323542493,0.9984114916146244
1880,0.9084633905680713,1.180496452505225,1.375505895889404,1.7078906021634053,1.9075505704925781,2.240959346207082,2.129371562328389,1.003408338378252,0.999780214068464,1.001800030711924,1.002106971314633,0.9999719303684583,1.0029307171421147,1.003251145187404
1890,0.9183199707886738,1.1760927612056133,1.382860064641866,1.714398069046705,1.9130122933790152,2.251776846414393,2.1422487022700523,1.0027539972766006,0.9974316351925088,0.9965270254385512,0.996599623249545,0.9935327654975898,0.9980174747375365,1.0002907683749545
1900,0.8976046643215155,1.1847976447009363,1.3765491234646632,1.7094923492987726,1.912302161023883,2.2467920158828933,2.1243556833959794,0.997904360908829,0.9987894021971226,0.9955973400773452,0.996775585416589,0.9942159024382367,0.997200445579478,1.000136028492017
1910,0.9049689082057926,1.1833514501377427,1.376432924416476,1.701973307408953,1.9131443564505817,2.262752451434987,2.1501804058359606,1.0040184242324721,0.9966087029990416,0.9955149192793282,0.9931441122717758,0.9988947723042995,0.9974655284872351,1.0010746319945203
1920,0.9106015762698364,1.183904792675997,1.3797811809178868,1.7153309553813507,1.9290125520021841,2.275804163534564,2.1675987015691796,1.0139642152265689,0.9932851952348056,0.9963331182320994,0.993325742426506,0.9931480148412151,0.9919557783024531,0.9969059523909873
1930,0.9040593750707635,1.180873835267166,1.3772317692620923,1.7091911330952505,1.9121572734175274,2.2432325297571745,2.1514005292414313,0.9974986577187464,0.9986735212980065,0.9948131576033008,0.9987875910195496,0.9994076076558693,1.0000256579016193,0.9997331426843001
1940,0.9032750523430351,1.1841059949348995,1.3847945279969762,1.7105574811573385,1.923463429252585,2.2458228143984167,2.1667671805672573,1.0063429718625254,0.9994391974037939,0.99624601061,0.9991830698312797,1.0012573900297017,1.0005812072580242,0.9996831288256078
1950,0.9136612642981572,1.1893490953041055,1.391122491476614,1.7257753997950585,1.939646060914101,2.289926522526838,2.190776968621595,1.007665253239788,0.9973195970296638,0.9916363900255685,0.99244306176778,0.997053690396314,0.997356007284806,0.9947388250925803
1960,0.9023196137054498,1.1863036132895455,1.385462792171063,1.714506574780545,1.918630515003346,2.2520719667907154,2.1652289811825414,1.0006456033777769,0.9990291141200809,0.9963831686845672,1.0042039704280732,0.9984032805415042,1.001360862451305,0.9979214262706155
1970,0.9050355018695105,1.183067162916736,1.3753297057184324,1.7068851524196123,1.9126851798015334,2.227653444757634,2.163314037870939,1.0049163547691229,0.9996084443769921,0.9988312472012499,0.999409063707762,0.9971017787968088,0.9990353158813841,1.0004599096669757
1980,0.9036074322334346,1.1897073429902612,1.3801251847523226,1.7249854146119652,1.9280265830582897,2.248814893640369,2.195596764057637,1.0077683493648717,0.9965251081674851,0.9986795582840076,0.9949966243534574,0.9949484744982626,0.999511814666656,0.9992198051396366
1990,0.9060738643183253,1.1887657989755553,1.3886905246290533,1.726460338504398,1.9326585655517026,2.24240677787928,2.1863291695989826,1.0027512063333524,1.002662004455232,1.003600520265904,0.9992032322897175,0.9962750342631645,1.0010507653746987,1.0030925859358915
2000,0.9024769538841643,1.1821093341644517,1.3804800366287244,1.7296369885530107,1.923902218095166,2.211853767047835,2.1747018529148314,1.0034900939946783,1.0017542639622,0.9982997659841439,0.9969931687166739,0.9914704999813712,0.9934383044190896,0.9949410515915397
2010,0.9083452947181513,1.18474491193097,1.3819342985996341,1.7264497133510983,1.930339385238213,2.238549309414096,2.1907637034299445,0.999868622265931,1.0003560424815738,1.0014588074042825,1.0005787331442841,0.996005176113656,0.9965605002023682,0.9993793128034063
2020,0.9048456786534982,1.1943210329740845,1.3972365970977394,1.7474023133505776,1.9391629479325552,2.265905538986526,2.210002912938775,1.0089200820145285,1.000262776585315,0.9946289541129183,0.9960205932232672,0.9914844158327197,0.9959534858038982,0.9980178376062575
2030,0.893041630100988,1.1982511824753708,1.4026906656106126,1.7313456428326328,1.9392181204674146,2.240210296727353,2.19603119470602,0.9960500558627166,1.0036850633522758,1.004308285075212,0.9986757471288706,0.9919724703443,0.9952789854097365,0.9954717781190491
2040,0.8907635129136328,1.18621239313361,1.383557404011135,1.7141616642430795,1.9150896459318703,2.1997602051316907,2.1754110425947335,0.9894177477708628,1.0039169994835193,0.9943415749571933,1.0062987035197282,0.9982302269917559,1.0018502832126148,1.002568026551772
2050,0.9023262044297206,1.1963721005031385,1.4066536384659885,1.7307827350690141,1.9372562847942976,2.2394088111627672,2.2012131913027493,0.9938549101319416,1.0013811851799892,0.9957917637939375,0.9991212909224078,1.0013977650381642,1.0007350492223162,1.0017018084889278
2060,0.9044351449343876,1.1934411790251853,1.4113686875461164,1.7437724242509924,1.9424897982815188,2.247578346904233,2.2288034976253686,1.0026402484057735,1.0049251922739908,1.0082352997635922,1.0023598158441187,1.0054981275835226,1.0107454566306253,1.0065407036784633
2070,0.8929827209188772,1.1940993274594927,1.4032187093543498,1.7239513707845642,1.915596612240616,2.220386753721881,2.1926275592836326,0.9888360782120733,1.0012816291272286,1.0038910357149693,1.0000082711143499,0.9974518233943924,0.9912967387719145,1.002142149259404
2080,0.8985389818544891,1.1920275862316638,1.4028551576668802,1.7282921734250962,1.931857937685968,2.2393374081389337,2.191223225001952,0.9900356630306812,1.0004434183964268,0.9997896190146187,1.0010147520341293,1.0009255140818063,1.0016550746743647,1.0060292660835275
2090,0.9014955669254023,1.1966399687911788,1.4134672941258075,1.744974114071173,1.9471689703178148,2.278941696711389,2.213395545940732,1.005268725500335,0.9968092069190582,0.9941916204162604,1.0003187168453405,0.9974890670273879,0.9989601320230281,1.0005245212267295
2100,0.899686129096493,1.1955476890636174,1.3991209773511473,1.739500121797993,1.941208182474737,2.2632196917514333,2.214985388389594,1.0028054341876154,0.9954984828048912,0.9994197976938404,0.9997799983512159,0.9958549270842375,0.9958796299798236,0.9992682124947497
2110,0.8931493739749714,1.1902835712695268,1.4048501704274752,1.7330742935948222,1.9271607494004928,2.253931212481821,2.212997306902432,1.0000496632161155,0.998100150508761,0.9960437522497576,0.9953616106104352,0.9959703142677211,0.9996550544216941,1.0034689157753864
2120,0.8926775122773084,1.1940556883382958,1.403994806193353,1.740650643531263,1.9415369982923312,2.272515751285894,2.224986720194186,0.9966644912873974,0.9984097802170582,1.0019600078491593,1.0026716650044283,0.997235910772594,1.0055359877564713,1.0052959574274027
2130,0.8987939264098969,1.2020255489913656,1.4256451187052028,1.7518750306049204,1.9267548885334964,2.283160931465835,2.229864228043832,0.9868812875821025,1.000633286973226,1.0019853525201015,1.002997046637446,0.9977629708952992,1.0000318515164737,1.0009527539900869
2140,0.8935980477296571,1.194412489710012,1.4132620409934922,1.7412994313740748,1.9290646399780762,2.2413931547361305,2.2266953366455056,0.9883191744533588,0.9993337270873683,1.0006257471338005,1.0003636075265552,0.995692038962671,0.994489915833878,0.9990004869659166
2150,0.8925507640143281,1.1975528141833314,1.42067980762821,1.7419350054424219,1.9477760899190413,2.2781874475594965,2.2301925783654784,0.998038185009728,0.9941709190183396,0.9926339609078463,0.9998562188926315,0.9933148113193841,0.9939727114063481,0.9998527578485278
2160,0.8889546143164415,1.2000106302969122,1.400666658929736,1.7367439392082065,1.9383647078524773,2.2507826966772733,2.1930904642073905,0.9884204445369316,1.0014449321470145,0.9912518127242076,0.9975668363481773,0.994684638979141,0.9983129267474772,0.9963358457688747
2170,0.8941576292140558,1.1985201774361744,1.4100254138205188,1.7406899968934055,1.9480451074530176,2.252108346714369,2.214991463869902,0.9910372961847047,0.9999058827022385,1.002068885298439,1.0035395204299244,0.9981881687654498,0.9992223470410048,0.9991485463718388
2180,0.9042292649061436,1.2006749071281395,1.4251290685041942,1.7635050706925461,1.9895184898587888,2.2922874032179674,2.2639177261501975,1.0025919136390113,0.9999765230652444,1.004996836840373,1.0013452640815022,0.9978654803698044,0.9968859819845642,1.0002882424371289
2190,0.888083271710044,1.2037185839085434,1.420188704631143,1.7493752453473883,1.977455623654682,2.2876907957098256,2.2094593560579616,0.9959095931652946,1.002193561235247,1.0032308331595534,0.9995332115185028,0.9983969835892728,0.9997235386934502,0.9923094744151291
2200,0.8830461599709735,1.1982588552960887,1.414187465663764,1.7528682988139233,1.9541499886309954,2.260146889840689,2.211109896105013,0.9829300907654219,1.0033032487881224,1.0062938204107148,1.0055169266013213,1.0037582550340765,1.004732484262508,1.002650861200951
2210,0.8944100571944397,1.2040652960933307,1.4301478667525767,1.7615735297357902,1.9857111655126798,2.3001687236161676,2.2549820552220337,0.9957649976978926,1.0031951312967988,1.0013517807424004,0.9993439906100827,1.0018283561341403,0.9986325835908357,1.0031386828822144
2220,0.8908086656752323,1.2053290359959903,1.4270835270487445,1.752999010286103,1.9827415202944945,2.320880433715896,2.2433367578551033,1.0020354191765342,0.9987802671332171,1.0105622879245564,1.0003240274111949,1.0009967523629677,0.9985316610330403,0.997643857105001
2230,0.877122886646331,1.2019764750085586,1.4233854945378068,1.755264746240308,1.9729871845336733,2.2845926667696097,2.222347758135212,0.9916080511709859,0.9992367968904876,1.000652264038868,0.9991404779876274,1.004990644745206,0.9971944194306834,0.998195255453335
2240,0.8858872844830739,1.202307207826947,1.4138169596695518,1.751878119669378,1.9823962534994808,2.3025402464530345,2.2389359155242876,0.9973989900331837,1.0015841743332183,0.998803803956648,0.9995456088494563,1.0023673852340211,1.0018475142549679,1.0002083025160424
2250,0.8886612628740547,1.2111977110646743,1.4201203990999285,1.768224637420764,2.0033559941152825,2.3262684426248708,2.264520965229184,0.9975509753029981,1.000382123621006,1.0082457411119514,0.9983239324780582,1.0057529396756326,1.0058619366819714,1.003123163688929
2260,0.884191563522687,1.2087755419420083,1.4186158921937628,1.7710100662641768,2.013338130733247,2.304106139211903,2.2516879401265375,0.9916177961563635,0.9980713115631075,1.0027575493461869,0.9984405355429012,1.002615160648691,0.9976187512082808,0.9964565134197217
2270,0.8838612305676408,1.2063701152312185,1.4075538511593506,1.761181600990283,2.0190942465160715,2.285420198222467,2.2347112680606482,0.992736593736202,1.0051906257903818,1.0051477415682701,1.0004634584761085,1.0093514208203254,1.002172214872909,1.0005490947943705
2280,0.8815879941104896,1.2109788099325292,1.4123750814723988,1.7619546284894945,2.013089499228767,2.2845695105166315,2.2395796593428834,0.982821251069028,1.0080562476887354,1.0090018942955719,1.0102698736839475,1.0141523031764232,1.0108314168826467,1.0039825675221306
2290,0.8882372995759356,1.214618268572091,1.4122494622570694,1.7762190255163128,2.0326731216556633,2.320275123108945,2.2711412010752614,0.998395655014344,1.005731353184848,1.004985250510062,1.0049650606961378,1.0055317172348948,0.9997051442138788,0.9945328287287964
2300,0.8854064550201978,1.2100402468845481,1.4242813809012373,1.7567504516526955,2.032859216547656,2.322264670344462,2.244520900615352,0.9898472060812529,1.010675234924052,1.0036884674572077,1.0104870015423455,1.0104049959127517,1.0027759476526021,1.0011170907121332
