{
  "metadata": {
    "source": "CGM Circadian Combined Dataset",
    "datasets": [
      "Colas2019",
      "Synthetic_CGM"
    ],
    "subjectCount": 118,
    "method": "AR(2) Stability Atlas + Fibonacci Proximity"
  },
  "summary": {
    "avgModulus": 0.5511760767630459,
    "avgFibonacciProximity": 27.080205254483836,
    "stableCount": 118,
    "fibonacciLikeCount": 2,
    "nearFibonacciCount": 5
  },
  "byDataset": [
    {
      "dataset": "Colas2019",
      "subjects": 18,
      "avgModulus": 0.6441993680105924,
      "avgFibProximity": 49.42645008942064
    },
    {
      "dataset": "Synthetic_CGM",
      "subjects": 100,
      "avgModulus": 0.5344318843384875,
      "avgFibProximity": 23.05788118419521
    }
  ],
  "results": [
    {
      "subject": "Colas_106",
      "dataset": "Colas2019",
      "beta1": 0.6417268996002292,
      "beta2": -0.40416501615726474,
      "ratio": -1.587784380008107,
      "modulus": 0.6357397393251932,
      "eigenperiodHours": 6.031365583110473,
      "isStable": true,
      "stabilityMargin": 0.36426026067480677,
      "fibonacciProximity": 97.02033320889637,
      "fibonacciClass": "Fibonacci-like",
      "meanGlucose": 107.5607638888889,
      "glucoseAmplitude": 29.16666666666667
    },
    {
      "subject": "Colas_108",
      "dataset": "Colas2019",
      "beta1": 0.7784879679907526,
      "beta2": -0.47092456990658604,
      "ratio": -1.6531054392536277,
      "modulus": 0.6862394406521575,
      "eigenperiodHours": 6.493051232576078,
      "isStable": true,
      "stabilityMargin": 0.3137605593478425,
      "fibonacciProximity": 96.55364257289011,
      "fibonacciClass": "Fibonacci-like",
      "meanGlucose": 112.13194444444444,
      "glucoseAmplitude": 139.125
    },
    {
      "subject": "Colas_11",
      "dataset": "Colas2019",
      "beta1": 0.8840544751172104,
      "beta2": -0.6102335650649025,
      "ratio": -1.4487149277394882,
      "modulus": 0.7811744779912503,
      "eigenperiodHours": 6.4819674862748435,
      "isStable": true,
      "stabilityMargin": 0.21882552200874972,
      "fibonacciProximity": 84.4239496502924,
      "fibonacciClass": "Near-Fibonacci",
      "meanGlucose": 105.796875,
      "glucoseAmplitude": 41.20833333333333
    },
    {
      "subject": "Colas_114",
      "dataset": "Colas2019",
      "beta1": 0.77539958181179,
      "beta2": -0.5364897423013275,
      "ratio": -1.4453204239947521,
      "modulus": 0.7324546008465832,
      "eigenperiodHours": 6.202537413258127,
      "isStable": true,
      "stabilityMargin": 0.2675453991534168,
      "fibonacciProximity": 84.13785808122152,
      "fibonacciClass": "Near-Fibonacci",
      "meanGlucose": 101.9513888888889,
      "glucoseAmplitude": 37
    },
    {
      "subject": "Colas_1",
      "dataset": "Colas2019",
      "beta1": 1.109298883085252,
      "beta2": -0.775918799769741,
      "ratio": -1.429658468662499,
      "modulus": 0.8808625317095403,
      "eigenperiodHours": 7.062355571313491,
      "isStable": true,
      "stabilityMargin": 0.11913746829045968,
      "fibonacciProximity": 82.83036041817813,
      "fibonacciClass": "Near-Fibonacci",
      "meanGlucose": 98.49256491545894,
      "glucoseAmplitude": 52.79166666666667
    },
    {
      "subject": "Synth_023",
      "dataset": "Synthetic_CGM",
      "beta1": 0.6181588830287694,
      "beta2": -0.311447044345627,
      "ratio": -1.9847961130200047,
      "modulus": 0.5580744075350768,
      "eigenperiodHours": 6.386409781535544,
      "isStable": true,
      "stabilityMargin": 0.44192559246492324,
      "fibonacciProximity": 69.29744672472053,
      "fibonacciClass": "Near-Fibonacci",
      "meanGlucose": 104.80179440971227,
      "glucoseAmplitude": 50.10850460477516
    },
    {
      "subject": "Synth_005",
      "dataset": "Synthetic_CGM",
      "beta1": 0.9374836449323212,
      "beta2": -0.46428280420473556,
      "ratio": -2.019208199059032,
      "modulus": 0.6813830084502662,
      "eigenperiodHours": 7.736319141607473,
      "isStable": true,
      "stabilityMargin": 0.3186169915497338,
      "fibonacciProximity": 66.95334112548801,
      "fibonacciClass": "Near-Fibonacci",
      "meanGlucose": 107.58701454272847,
      "glucoseAmplitude": 67.82410209859472
    },
    {
      "subject": "Synth_024",
      "dataset": "Synthetic_CGM",
      "beta1": 0.9790459595236882,
      "beta2": -0.48328949207514427,
      "ratio": -2.025796082012603,
      "modulus": 0.6951902560271859,
      "eigenperiodHours": 7.957817784205723,
      "isStable": true,
      "stabilityMargin": 0.30480974397281413,
      "fibonacciProximity": 66.51371005980975,
      "fibonacciClass": "Non-Fibonacci",
      "meanGlucose": 133.22604055090738,
      "glucoseAmplitude": 80.37665075939192
    },
    {
      "subject": "Colas_113",
      "dataset": "Colas2019",
      "beta1": 1.1211871461557905,
      "beta2": -0.553284783419258,
      "ratio": -2.0264196300988777,
      "modulus": 0.74383115249313,
      "eigenperiodHours": 8.76086378942242,
      "isStable": true,
      "stabilityMargin": 0.25616884750686997,
      "fibonacciProximity": 66.47224849117521,
      "fibonacciClass": "Non-Fibonacci",
      "meanGlucose": 98.4236111111111,
      "glucoseAmplitude": 49.625
    },
    {
      "subject": "Colas_110",
      "dataset": "Colas2019",
      "beta1": 1.0431971445735257,
      "beta2": -0.5129322058120351,
      "ratio": -2.0337914694243375,
      "modulus": 0.7161928551808061,
      "eigenperiodHours": 8.322452285124248,
      "isStable": true,
      "stabilityMargin": 0.2838071448191939,
      "fibonacciProximity": 65.9840275099992,
      "fibonacciClass": "Non-Fibonacci",
      "meanGlucose": 97.51215277777777,
      "glucoseAmplitude": 29.66666666666667
    },
    {
      "subject": "Synth_060",
      "dataset": "Synthetic_CGM",
      "beta1": 1.0449116738290911,
      "beta2": -0.5073243941589709,
      "ratio": -2.0596519423461164,
      "modulus": 0.712267080636871,
      "eigenperiodHours": 8.407592319695635,
      "isStable": true,
      "stabilityMargin": 0.28773291936312895,
      "fibonacciProximity": 64.29952425559543,
      "fibonacciClass": "Non-Fibonacci",
      "meanGlucose": 104.75898347870294,
      "glucoseAmplitude": 59.03352739569404
    },
    {
      "subject": "Synth_014",
      "dataset": "Synthetic_CGM",
      "beta1": 1.024278875376396,
      "beta2": -0.48942767119406483,
      "ratio": -2.0928094908844157,
      "modulus": 0.699591074267007,
      "eigenperiodHours": 8.383593179849605,
      "isStable": true,
      "stabilityMargin": 0.30040892573299305,
      "fibonacciProximity": 62.202468400522584,
      "fibonacciClass": "Non-Fibonacci",
      "meanGlucose": 96.3834567963249,
      "glucoseAmplitude": 62.916259449102554
    },
    {
      "subject": "Colas_103",
      "dataset": "Colas2019",
      "beta1": 0.3383889854779909,
      "beta2": -0.2977463836252241,
      "ratio": -1.1365007405225918,
      "modulus": 0.5456614184869808,
      "eigenperiodHours": 5.004419727193008,
      "isStable": true,
      "stabilityMargin": 0.4543385815130192,
      "fibonacciProximity": 61.783537022949176,
      "fibonacciClass": "Non-Fibonacci",
      "meanGlucose": 115.1076388888889,
      "glucoseAmplitude": 90.45833333333333
    },
    {
      "subject": "Synth_088",
      "dataset": "Synthetic_CGM",
      "beta1": 0.9505033643932919,
      "beta2": -0.4520185138237309,
      "ratio": -2.1027974194082457,
      "modulus": 0.6723232212438679,
      "eigenperiodHours": 7.996731711858875,
      "isStable": true,
      "stabilityMargin": 0.3276767787561321,
      "fibonacciProximity": 61.58428690749008,
      "fibonacciClass": "Non-Fibonacci",
      "meanGlucose": 101.66266005516822,
      "glucoseAmplitude": 60.310685741588784
    },
    {
      "subject": "Colas_111",
      "dataset": "Colas2019",
      "beta1": 0.884427939228317,
      "beta2": -0.41774663921000865,
      "ratio": -2.1171395678989517,
      "modulus": 0.6463332261380415,
      "eigenperiodHours": 7.68768293784128,
      "isStable": true,
      "stabilityMargin": 0.35366677386195855,
      "fibonacciProximity": 60.707339606258884,
      "fibonacciClass": "Non-Fibonacci",
      "meanGlucose": 97.18838383838384,
      "glucoseAmplitude": 38.121212121212125
    },
    {
      "subject": "Colas_101",
      "dataset": "Colas2019",
      "beta1": 0.5621595462461073,
      "beta2": -0.260133164995068,
      "ratio": -2.1610452717813415,
      "modulus": 0.5100325136646369,
      "eigenperiodHours": 6.365217669350425,
      "isStable": true,
      "stabilityMargin": 0.48996748633536313,
      "fibonacciProximity": 58.09960719296694,
      "fibonacciClass": "Non-Fibonacci",
      "meanGlucose": 94.03993055555556,
      "glucoseAmplitude": 15
    },
    {
      "subject": "Synth_091",
      "dataset": "Synthetic_CGM",
      "beta1": 0.9726901233313967,
      "beta2": -0.4436236289798501,
      "ratio": -2.192602151441256,
      "modulus": 0.6660507705722215,
      "eigenperiodHours": 8.353154147417655,
      "isStable": true,
      "stabilityMargin": 0.3339492294277785,
      "fibonacciProximity": 56.29479182381885,
      "fibonacciClass": "Non-Fibonacci",
      "meanGlucose": 95.1632972148273,
      "glucoseAmplitude": 64.62264982640454
    },
    {
      "subject": "Synth_046",
      "dataset": "Synthetic_CGM",
      "beta1": 0.8360964955067658,
      "beta2": -0.3811627203361212,
      "ratio": -2.1935421564036215,
      "modulus": 0.6173837707100189,
      "eigenperiodHours": 7.5980900971284635,
      "isStable": true,
      "stabilityMargin": 0.38261622928998107,
      "fibonacciProximity": 56.241899303659515,
      "fibonacciClass": "Non-Fibonacci",
      "meanGlucose": 107.66951361914118,
      "glucoseAmplitude": 56.640944517372645
    },
    {
      "subject": "Synth_099",
      "dataset": "Synthetic_CGM",
      "beta1": 1.0385533397807194,
      "beta2": -0.4634383824820816,
      "ratio": -2.240973943975981,
      "modulus": 0.6807630883663431,
      "eigenperiodHours": 8.935317265813108,
      "isStable": true,
      "stabilityMargin": 0.31923691163365686,
      "fibonacciProximity": 53.63652275748697,
      "fibonacciClass": "Non-Fibonacci",
      "meanGlucose": 108.81123033113961,
      "glucoseAmplitude": 57.41953340510216
    },
    {
      "subject": "Synth_087",
      "dataset": "Synthetic_CGM",
      "beta1": 1.0707659945827785,
      "beta2": -0.4675449339860549,
      "ratio": -2.2901884220067616,
      "modulus": 0.6837725747542489,
      "eigenperiodHours": 9.359062059951116,
      "isStable": true,
      "stabilityMargin": 0.3162274252457511,
      "fibonacciProximity": 51.06073225251788,
      "fibonacciClass": "Non-Fibonacci",
      "meanGlucose": 104.54684954259652,
      "glucoseAmplitude": 72.75313567866543
    },
    {
      "subject": "Synth_035",
      "dataset": "Synthetic_CGM",
      "beta1": 0.9720305919284016,
      "beta2": -0.4114599505947041,
      "ratio": -2.3623941783968916,
      "modulus": 0.6414514405586007,
      "eigenperiodHours": 8.836556168450356,
      "isStable": true,
      "stabilityMargin": 0.3585485594413993,
      "fibonacciProximity": 47.50381370486389,
      "fibonacciClass": "Non-Fibonacci",
      "meanGlucose": 113.12092852887467,
      "glucoseAmplitude": 45.24198059649997
    },
    {
      "subject": "Synth_039",
      "dataset": "Synthetic_CGM",
      "beta1": 0.9853627563341121,
      "beta2": -0.4114856063910395,
      "ratio": -2.3946469597716877,
      "modulus": 0.6414714384842395,
      "eigenperiodHours": 9.04045513561645,
      "isStable": true,
      "stabilityMargin": 0.3585285615157605,
      "fibonacciProximity": 45.99612781293695,
      "fibonacciClass": "Non-Fibonacci",
      "meanGlucose": 136.5121219346821,
      "glucoseAmplitude": 72.82945332754
    },
    {
      "subject": "Synth_034",
      "dataset": "Synthetic_CGM",
      "beta1": 0.9652275940304165,
      "beta2": -0.40100576753737016,
      "ratio": -2.407016736836499,
      "modulus": 0.6332501618928891,
      "eigenperiodHours": 8.922290409173455,
      "isStable": true,
      "stabilityMargin": 0.3667498381071109,
      "fibonacciProximity": 45.430670466801274,
      "fibonacciClass": "Non-Fibonacci",
      "meanGlucose": 118.09738457160661,
      "glucoseAmplitude": 76.33379024195924
    },
    {
      "subject": "Synth_077",
      "dataset": "Synthetic_CGM",
      "beta1": 0.9458345723110568,
      "beta2": -0.39183675632475,
      "ratio": -2.4138485148319253,
      "modulus": 0.6259686544266814,
      "eigenperiodHours": 8.795245354346749,
      "isStable": true,
      "stabilityMargin": 0.37403134557331863,
      "fibonacciProximity": 45.12135599893316,
      "fibonacciClass": "Non-Fibonacci",
      "meanGlucose": 96.24909710652565,
      "glucoseAmplitude": 60.00969319765632
    },
    {
      "subject": "Synth_094",
      "dataset": "Synthetic_CGM",
      "beta1": 0.8534136485749144,
      "beta2": -0.35228388477867156,
      "ratio": -2.422516854868585,
      "modulus": 0.5935350745985207,
      "eigenperiodHours": 8.175453397833456,
      "isStable": true,
      "stabilityMargin": 0.40646492540147927,
      "fibonacciProximity": 44.73191906662035,
      "fibonacciClass": "Non-Fibonacci",
      "meanGlucose": 118.68779688452982,
      "glucoseAmplitude": 66.82539814592164
    },
    {
      "subject": "Synth_044",
      "dataset": "Synthetic_CGM",
      "beta1": 0.9569378442366201,
      "beta2": -0.3919070598764023,
      "ratio": -2.441746889016019,
      "modulus": 0.6260248077164373,
      "eigenperiodHours": 8.965147124832601,
      "isStable": true,
      "stabilityMargin": 0.3739751922835627,
      "fibonacciProximity": 43.879940775859424,
      "fibonacciClass": "Non-Fibonacci",
      "meanGlucose": 115.7290442394479,
      "glucoseAmplitude": 70.51953856644043
    },
    {
      "subject": "Synth_025",
      "dataset": "Synthetic_CGM",
      "beta1": 0.9522173442432944,
      "beta2": -0.3870963758233401,
      "ratio": -2.459897337498865,
      "modulus": 0.6221706966929093,
      "eigenperiodHours": 8.983867666163682,
      "isStable": true,
      "stabilityMargin": 0.37782930330709075,
      "fibonacciProximity": 43.0906845164311,
      "fibonacciClass": "Non-Fibonacci",
      "meanGlucose": 107.80518305412562,
      "glucoseAmplitude": 75.27484877569356
    },
    {
      "subject": "Synth_020",
      "dataset": "Synthetic_CGM",
      "beta1": 0.8552500338757767,
      "beta2": -0.3450011995915645,
      "ratio": -2.4789769858431763,
      "modulus": 0.5873680273828024,
      "eigenperiodHours": 8.318312094069434,
      "isStable": true,
      "stabilityMargin": 0.41263197261719764,
      "fibonacciProximity": 42.27632297920788,
      "fibonacciClass": "Non-Fibonacci",
      "meanGlucose": 105.69039403401001,
      "glucoseAmplitude": 53.519698847582404
    },
    {
      "subject": "Synth_027",
      "dataset": "Synthetic_CGM",
      "beta1": 0.9327173059894776,
      "beta2": -0.3710780021701723,
      "ratio": -2.513534352709336,
      "modulus": 0.6091617208674329,
      "eigenperiodHours": 8.99058803602981,
      "isStable": true,
      "stabilityMargin": 0.3908382791325671,
      "fibonacciProximity": 40.84031972667398,
      "fibonacciClass": "Non-Fibonacci",
      "meanGlucose": 84.50639956529982,
      "glucoseAmplitude": 46.890842109023
    },
    {
      "subject": "Synth_013",
      "dataset": "Synthetic_CGM",
      "beta1": 1.040097895724017,
      "beta2": -0.4115996739713381,
      "ratio": -2.526964819210339,
      "modulus": 0.6415603432034575,
      "eigenperiodHours": 10.043133839527286,
      "isStable": true,
      "stabilityMargin": 0.35843965679654255,
      "fibonacciProximity": 40.29548208223724,
      "fibonacciClass": "Non-Fibonacci",
      "meanGlucose": 115.88106209146135,
      "glucoseAmplitude": 60.893127687943135
    },
    {
      "subject": "Synth_051",
      "dataset": "Synthetic_CGM",
      "beta1": 0.8722476776268593,
      "beta2": -0.343828095493663,
      "ratio": -2.536871445524252,
      "modulus": 0.5863685662564655,
      "eigenperiodHours": 8.582387754387229,
      "isStable": true,
      "stabilityMargin": 0.4136314337435345,
      "fibonacciProximity": 39.89826061009922,
      "fibonacciClass": "Non-Fibonacci",
      "meanGlucose": 109.00619769953666,
      "glucoseAmplitude": 67.35725745699042
    },
    {
      "subject": "Colas_105",
      "dataset": "Colas2019",
      "beta1": 0.6689376014507431,
      "beta2": -0.2611079452259446,
      "ratio": -2.5619197488298995,
      "modulus": 0.5109872260888179,
      "eigenperiodHours": 7.329863275074564,
      "isStable": true,
      "stabilityMargin": 0.48901277391118214,
      "fibonacciProximity": 38.91128945641679,
      "fibonacciClass": "Non-Fibonacci",
      "meanGlucose": 98.203125,
      "glucoseAmplitude": 48.95833333333334
    },
    {
      "subject": "Synth_002",
      "dataset": "Synthetic_CGM",
      "beta1": 0.8231988314004681,
      "beta2": -0.3198341856754965,
      "ratio": -2.5738300290253684,
      "modulus": 0.5655388454169143,
      "eigenperiodHours": 8.314531717444757,
      "isStable": true,
      "stabilityMargin": 0.43446115458308565,
      "fibonacciProximity": 38.450594047898036,
      "fibonacciClass": "Non-Fibonacci",
      "meanGlucose": 110.89053460712869,
      "glucoseAmplitude": 74.95303954120844
    },
    {
      "subject": "Colas_109",
      "dataset": "Colas2019",
      "beta1": 1.0056846811716227,
      "beta2": -0.3839287702523322,
      "ratio": -2.6194564176856283,
      "modulus": 0.6196198594721866,
      "eigenperiodHours": 10.068815006946435,
      "isStable": true,
      "stabilityMargin": 0.38038014052781344,
      "fibonacciProximity": 36.73565307990481,
      "fibonacciClass": "Non-Fibonacci",
      "meanGlucose": 140.07118055555557,
      "glucoseAmplitude": 105.29166666666666
    },
    {
      "subject": "Synth_003",
      "dataset": "Synthetic_CGM",
      "beta1": 0.9396999366416878,
      "beta2": -0.35857486254040793,
      "ratio": -2.6206520166644216,
      "modulus": 0.598811207761184,
      "eigenperiodHours": 9.396337711922047,
      "isStable": true,
      "stabilityMargin": 0.401188792238816,
      "fibonacciProximity": 36.691758216153126,
      "fibonacciClass": "Non-Fibonacci",
      "meanGlucose": 143.7338966365507,
      "glucoseAmplitude": 63.49689423943707
    },
    {
      "subject": "Synth_062",
      "dataset": "Synthetic_CGM",
      "beta1": 0.8723971494205998,
      "beta2": -0.32872613979735377,
      "ratio": -2.6538721561917678,
      "modulus": 0.5733464395959512,
      "eigenperiodHours": 8.896412829977391,
      "isStable": true,
      "stabilityMargin": 0.4266535604040488,
      "fibonacciProximity": 35.4928766480758,
      "fibonacciClass": "Non-Fibonacci",
      "meanGlucose": 118.89989489514006,
      "glucoseAmplitude": 68.4744193753882
    },
    {
      "subject": "Synth_055",
      "dataset": "Synthetic_CGM",
      "beta1": 0.8072538634361734,
      "beta2": -0.30026551266610113,
      "ratio": -2.6884668048236677,
      "modulus": 0.5479648826942299,
      "eigenperiodHours": 8.4590379543912,
      "isStable": true,
      "stabilityMargin": 0.45203511730577006,
      "fibonacciProximity": 34.28600899421428,
      "fibonacciClass": "Non-Fibonacci",
      "meanGlucose": 115.9775669795211,
      "glucoseAmplitude": 56.48816963221637
    },
    {
      "subject": "Synth_058",
      "dataset": "Synthetic_CGM",
      "beta1": 0.7042312251483409,
      "beta2": -0.2592420210931863,
      "ratio": -2.7165010602011943,
      "modulus": 0.509158149392884,
      "eigenperiodHours": 7.784468272647559,
      "isStable": true,
      "stabilityMargin": 0.49084185060711605,
      "fibonacciProximity": 33.338174258711355,
      "fibonacciClass": "Non-Fibonacci",
      "meanGlucose": 102.76649394358195,
      "glucoseAmplitude": 45.556053734880265
    },
    {
      "subject": "Synth_057",
      "dataset": "Synthetic_CGM",
      "beta1": 0.7392130287093579,
      "beta2": -0.2718940514913726,
      "ratio": -2.718753958222634,
      "modulus": 0.5214346090272227,
      "eigenperiodHours": 8.024875707292344,
      "isStable": true,
      "stabilityMargin": 0.4785653909727773,
      "fibonacciProximity": 33.26315129316271,
      "fibonacciClass": "Non-Fibonacci",
      "meanGlucose": 112.4615129532577,
      "glucoseAmplitude": 50.668878702331114
    },
    {
      "subject": "Synth_097",
      "dataset": "Synthetic_CGM",
      "beta1": 0.9554950406848448,
      "beta2": -0.350315490108855,
      "ratio": -2.727527236628731,
      "modulus": 0.5918745560580003,
      "eigenperiodHours": 9.950530723596138,
      "isStable": true,
      "stabilityMargin": 0.4081254439419997,
      "fibonacciProximity": 32.97260080999047,
      "fibonacciClass": "Non-Fibonacci",
      "meanGlucose": 100.10293807674846,
      "glucoseAmplitude": 60.00252584948096
    },
    {
      "subject": "Synth_073",
      "dataset": "Synthetic_CGM",
      "beta1": 0.871063876527927,
      "beta2": -0.3191693749390794,
      "ratio": -2.7291587004366855,
      "modulus": 0.5649507721377849,
      "eigenperiodHours": 9.099316825179992,
      "isStable": true,
      "stabilityMargin": 0.4350492278622151,
      "fibonacciProximity": 32.91885106242079,
      "fibonacciClass": "Non-Fibonacci",
      "meanGlucose": 114.23890303133157,
      "glucoseAmplitude": 51.92834323673563
    },
    {
      "subject": "Synth_011",
      "dataset": "Synthetic_CGM",
      "beta1": 0.7547824482384158,
      "beta2": -0.27561328862506684,
      "ratio": -2.7385560834303284,
      "modulus": 0.5249888461911042,
      "eigenperiodHours": 8.17440278827893,
      "isStable": true,
      "stabilityMargin": 0.4750111538088958,
      "fibonacciProximity": 32.610949013933485,
      "fibonacciClass": "Non-Fibonacci",
      "meanGlucose": 105.44453947662761,
      "glucoseAmplitude": 57.030075633623454
    },
    {
      "subject": "Synth_050",
      "dataset": "Synthetic_CGM",
      "beta1": 0.9573570501531421,
      "beta2": -0.34927425104457654,
      "ratio": -2.740989486885932,
      "modulus": 0.590994290196256,
      "eigenperiodHours": 10.025479432069927,
      "isStable": true,
      "stabilityMargin": 0.40900570980374396,
      "fibonacciProximity": 32.53168989173415,
      "fibonacciClass": "Non-Fibonacci",
      "meanGlucose": 94.74619348758581,
      "glucoseAmplitude": 54.93489332455013
    },
    {
      "subject": "Synth_090",
      "dataset": "Synthetic_CGM",
      "beta1": 0.8921135608770214,
      "beta2": -0.3231291170591106,
      "ratio": -2.7608578545827096,
      "modulus": 0.5684444713946215,
      "eigenperiodHours": 9.397681912567196,
      "isStable": true,
      "stabilityMargin": 0.4315555286053785,
      "fibonacciProximity": 31.891716976181105,
      "fibonacciClass": "Non-Fibonacci",
      "meanGlucose": 109.14439000287904,
      "glucoseAmplitude": 51.39050867224593
    },
    {
      "subject": "Synth_009",
      "dataset": "Synthetic_CGM",
      "beta1": 0.913304216966992,
      "beta2": -0.3306180712381064,
      "ratio": -2.762414690603054,
      "modulus": 0.5749939749580916,
      "eigenperiodHours": 9.620120033309894,
      "isStable": true,
      "stabilityMargin": 0.42500602504190843,
      "fibonacciProximity": 31.842105430982702,
      "fibonacciClass": "Non-Fibonacci",
      "meanGlucose": 127.53858273813209,
      "glucoseAmplitude": 94.16906449118417
    },
    {
      "subject": "Synth_029",
      "dataset": "Synthetic_CGM",
      "beta1": 0.9464546836475591,
      "beta2": -0.3410327024096347,
      "ratio": -2.77526077986127,
      "modulus": 0.5839800530922564,
      "eigenperiodHours": 10.03623967427358,
      "isStable": true,
      "stabilityMargin": 0.4160199469077436,
      "fibonacciProximity": 31.435675012312835,
      "fibonacciClass": "Non-Fibonacci",
      "meanGlucose": 112.81026420274246,
      "glucoseAmplitude": 69.86114060848713
    },
    {
      "subject": "Synth_064",
      "dataset": "Synthetic_CGM",
      "beta1": 0.9672917229627132,
      "beta2": -0.34730275305348357,
      "ratio": -2.7851542046767284,
      "modulus": 0.5893239797034255,
      "eigenperiodHours": 10.330824612981132,
      "isStable": true,
      "stabilityMargin": 0.41067602029657446,
      "fibonacciProximity": 31.126201923683677,
      "fibonacciClass": "Non-Fibonacci",
      "meanGlucose": 127.12519031418172,
      "glucoseAmplitude": 69.72164910662133
    },
    {
      "subject": "Synth_068",
      "dataset": "Synthetic_CGM",
      "beta1": 0.7298826651786285,
      "beta2": -0.261413928338726,
      "ratio": -2.792057293262837,
      "modulus": 0.5112865423016002,
      "eigenperiodHours": 8.097628727684498,
      "isStable": true,
      "stabilityMargin": 0.4887134576983998,
      "fibonacciProximity": 30.91207491362391,
      "fibonacciClass": "Non-Fibonacci",
      "meanGlucose": 106.04831996599599,
      "glucoseAmplitude": 56.84444836235477
    },
    {
      "subject": "Synth_049",
      "dataset": "Synthetic_CGM",
      "beta1": 0.999950932210453,
      "beta2": -0.3577070610452182,
      "ratio": -2.7954464451682934,
      "modulus": 0.598086165234758,
      "eigenperiodHours": 10.815949248255542,
      "isStable": true,
      "stabilityMargin": 0.401913834765242,
      "fibonacciProximity": 30.807486529101684,
      "fibonacciClass": "Non-Fibonacci",
      "meanGlucose": 113.60875771781768,
      "glucoseAmplitude": 71.04381483158262
    },
    {
      "subject": "Synth_082",
      "dataset": "Synthetic_CGM",
      "beta1": 0.9379110384498901,
      "beta2": -0.33399086040684267,
      "ratio": -2.808193725143847,
      "modulus": 0.5779194238013139,
      "eigenperiodHours": 10.066640793993013,
      "isStable": true,
      "stabilityMargin": 0.4220805761986861,
      "fibonacciProximity": 30.417267274002345,
      "fibonacciClass": "Non-Fibonacci",
      "meanGlucose": 136.88168427412452,
      "glucoseAmplitude": 72.73100488738191
    }
  ]
}