{
  "metadata": {
    "source": "Jóhönnuson et al. 2025 - Clinical Proteomics",
    "title": "Diurnal rhythm of the human plasma proteome",
    "proteinCount": 138,
    "method": "AR(2) Stability Atlas + Fibonacci Proximity"
  },
  "summary": {
    "avgModulus": 0.9762290021585331,
    "avgStabilityMargin": 0.023770997841466922,
    "avgFibonacciProximity": 82.20842976996222,
    "avgEigenperiod": 23.863306542876547,
    "stableCount": 89,
    "fibonacciLikeCount": 31,
    "nearFibonacciCount": 105,
    "clusterA": {
      "count": 91,
      "avgModulus": 0.9859843182754908,
      "avgFibProximity": 81.72364373980928
    },
    "clusterB": {
      "count": 47,
      "avgModulus": 0.9573410496767639,
      "avgFibProximity": 83.14705804110942
    }
  },
  "results": [
    {
      "gene": "SERPINF1",
      "cluster": "B",
      "acrophase": 3.3,
      "amplitude": 0.034,
      "beta1": 1.1601188984363944,
      "beta2": -0.720317490924117,
      "modulus": 0.8487152001255291,
      "eigenperiodHours": 23.034740288725065,
      "isStable": true,
      "stabilityMargin": 0.15128479987447085,
      "fibonacciRatio": -1.6105660532386112,
      "fibonacciProximity": 99.25598802339829,
      "fibonacciClass": "Fibonacci-like"
    },
    {
      "gene": "NCAM1",
      "cluster": "A",
      "acrophase": 22.1,
      "amplitude": 0.075,
      "beta1": 1.4279096231302901,
      "beta2": -0.8686728863808639,
      "modulus": 0.9320262262301764,
      "eigenperiodHours": 26.998792903216803,
      "isStable": true,
      "stabilityMargin": 0.06797377376982361,
      "fibonacciRatio": -1.6437828848087617,
      "fibonacciProximity": 97.45797797097731,
      "fibonacciClass": "Fibonacci-like"
    },
    {
      "gene": "ITIH2",
      "cluster": "B",
      "acrophase": 5.2,
      "amplitude": 0.025,
      "beta1": 1.0804327877413016,
      "beta2": -0.6791250174201195,
      "modulus": 0.8240904182309848,
      "eigenperiodHours": 22.022787572990683,
      "isStable": true,
      "stabilityMargin": 0.17590958176901517,
      "fibonacciRatio": -1.5909188441410713,
      "fibonacciProximity": 97.32491706772382,
      "fibonacciClass": "Fibonacci-like"
    },
    {
      "gene": "C3",
      "cluster": "B",
      "acrophase": 3.1,
      "amplitude": 0.031,
      "beta1": 0.9343502676167645,
      "beta2": -0.5671461768397421,
      "modulus": 0.7530910813704689,
      "eigenperiodHours": 20.90641736596935,
      "isStable": true,
      "stabilityMargin": 0.24690891862953113,
      "fibonacciRatio": -1.6474593425334556,
      "fibonacciProximity": 97.10033566627429,
      "fibonacciClass": "Fibonacci-like"
    },
    {
      "gene": "LDHA",
      "cluster": "A",
      "acrophase": 9.9,
      "amplitude": 0.113,
      "beta1": 1.5029244221099702,
      "beta2": -0.9542838592622047,
      "modulus": 0.9768745360905896,
      "eigenperiodHours": 27.194935008042865,
      "isStable": true,
      "stabilityMargin": 0.023125463909410393,
      "fibonacciRatio": -1.574923863086128,
      "fibonacciProximity": 95.78059052477691,
      "fibonacciClass": "Fibonacci-like"
    },
    {
      "gene": "AMY2A",
      "cluster": "B",
      "acrophase": 19.4,
      "amplitude": 0.096,
      "beta1": 1.375292930494055,
      "beta2": -0.8748493626071081,
      "modulus": 0.9353338241543006,
      "eigenperiodHours": 25.30644695402141,
      "isStable": true,
      "stabilityMargin": 0.06466617584569945,
      "fibonacciRatio": -1.5720339858231052,
      "fibonacciProximity": 95.50419593955077,
      "fibonacciClass": "Fibonacci-like"
    },
    {
      "gene": "PROC",
      "cluster": "B",
      "acrophase": 5.7,
      "amplitude": 0.051,
      "beta1": 1.2794820879202007,
      "beta2": -0.7675815544439502,
      "modulus": 0.8761173177400103,
      "eigenperiodHours": 25.059853877001686,
      "isStable": true,
      "stabilityMargin": 0.12388268225998966,
      "fibonacciRatio": -1.6669005143656435,
      "fibonacciProximity": 95.23082299706138,
      "fibonacciClass": "Fibonacci-like"
    },
    {
      "gene": "PCOLCE",
      "cluster": "B",
      "acrophase": 5.9,
      "amplitude": 0.089,
      "beta1": 1.308597082557469,
      "beta2": -0.7848742023627437,
      "modulus": 0.8859312627753598,
      "eigenperiodHours": 25.47618589002193,
      "isStable": true,
      "stabilityMargin": 0.11406873722464017,
      "fibonacciRatio": -1.6672698358770586,
      "fibonacciProximity": 95.19565869944427,
      "fibonacciClass": "Fibonacci-like"
    },
    {
      "gene": "IGHA2",
      "cluster": "A",
      "acrophase": 19.5,
      "amplitude": 0.085,
      "beta1": 1.3971305928959055,
      "beta2": -0.8918457962373623,
      "modulus": 0.9443758765647089,
      "eigenperiodHours": 25.536025741976438,
      "isStable": true,
      "stabilityMargin": 0.055624123435291106,
      "fibonacciRatio": -1.5665607202392005,
      "fibonacciProximity": 94.98290399676657,
      "fibonacciClass": "Fibonacci-like"
    },
    {
      "gene": "CD14",
      "cluster": "A",
      "acrophase": 16.5,
      "amplitude": 0.051,
      "beta1": 1.3539316308911111,
      "beta2": -0.867025743526483,
      "modulus": 0.9311421714896619,
      "eigenperiodHours": 24.906462900850997,
      "isStable": true,
      "stabilityMargin": 0.06885782851033806,
      "fibonacciRatio": -1.5615818111515576,
      "fibonacciProximity": 94.51116809248586,
      "fibonacciClass": "Fibonacci-like"
    },
    {
      "gene": "F5",
      "cluster": "B",
      "acrophase": 6,
      "amplitude": 0.033,
      "beta1": 1.2937631673150918,
      "beta2": -0.828822047648373,
      "modulus": 0.9103966430344375,
      "eigenperiodHours": 24.15006058736372,
      "isStable": true,
      "stabilityMargin": 0.08960335696556254,
      "fibonacciRatio": -1.5609661579176157,
      "fibonacciProximity": 94.4529998937632,
      "fibonacciClass": "Fibonacci-like"
    },
    {
      "gene": "GSN",
      "cluster": "A",
      "acrophase": 12.7,
      "amplitude": 0.058,
      "beta1": 1.4602513073057253,
      "beta2": -0.9389070073502808,
      "modulus": 0.9689721396151082,
      "eigenperiodHours": 26.27413626364534,
      "isStable": true,
      "stabilityMargin": 0.031027860384891803,
      "fibonacciRatio": -1.5552672371960954,
      "fibonacciProximity": 93.9162506338961,
      "fibonacciClass": "Fibonacci-like"
    },
    {
      "gene": "APOE",
      "cluster": "B",
      "acrophase": 3.6,
      "amplitude": 0.057,
      "beta1": 1.2799854309062084,
      "beta2": -0.8297919372043907,
      "modulus": 0.9109291614633878,
      "eigenperiodHours": 23.806200706377698,
      "isStable": true,
      "stabilityMargin": 0.08907083853661224,
      "fibonacciRatio": -1.5425378019682157,
      "fibonacciProximity": 92.72832664607974,
      "fibonacciClass": "Fibonacci-like"
    },
    {
      "gene": "APCS",
      "cluster": "B",
      "acrophase": 7.2,
      "amplitude": 0.067,
      "beta1": 1.3390732642128,
      "beta2": -0.8682032175821632,
      "modulus": 0.931774231014232,
      "eigenperiodHours": 24.509693879998217,
      "isStable": true,
      "stabilityMargin": 0.06822576898576804,
      "fibonacciRatio": -1.5423500363681566,
      "fibonacciProximity": 92.71091709069353,
      "fibonacciClass": "Fibonacci-like"
    },
    {
      "gene": "FN1",
      "cluster": "B",
      "acrophase": 4.7,
      "amplitude": 0.118,
      "beta1": 1.3165930018617473,
      "beta2": -0.855065282949397,
      "modulus": 0.9246974007476159,
      "eigenperiodHours": 24.209875767683116,
      "isStable": true,
      "stabilityMargin": 0.07530259925238414,
      "fibonacciRatio": -1.539757288847457,
      "fibonacciProximity": 92.47085243826405,
      "fibonacciClass": "Fibonacci-like"
    },
    {
      "gene": "GSR",
      "cluster": "A",
      "acrophase": 17.8,
      "amplitude": 0.077,
      "beta1": 1.3163277973412733,
      "beta2": -0.7685371758002475,
      "modulus": 0.8766625210423037,
      "eigenperiodHours": 26.12249828358632,
      "isStable": true,
      "stabilityMargin": 0.12333747895769631,
      "fibonacciRatio": -1.7127704928140046,
      "fibonacciProximity": 90.96125821123759,
      "fibonacciClass": "Fibonacci-like"
    },
    {
      "gene": "LYZ",
      "cluster": "B",
      "acrophase": 7.2,
      "amplitude": 0.069,
      "beta1": 1.3669609770515763,
      "beta2": -0.9020353579596758,
      "modulus": 0.9497554200738608,
      "eigenperiodHours": 24.559205283639763,
      "isStable": true,
      "stabilityMargin": 0.05024457992613918,
      "fibonacciRatio": -1.51541839794786,
      "fibonacciProximity": 90.24738260502427,
      "fibonacciClass": "Fibonacci-like"
    },
    {
      "gene": "PF4V1",
      "cluster": "A",
      "acrophase": 18.7,
      "amplitude": 0.254,
      "beta1": 1.3943761704858275,
      "beta2": -0.9244166010326325,
      "modulus": 0.961465860565331,
      "eigenperiodHours": 24.81600158181215,
      "isStable": true,
      "stabilityMargin": 0.03853413943466899,
      "fibonacciRatio": -1.508385038659215,
      "fibonacciProximity": 89.6148672994475,
      "fibonacciClass": "Fibonacci-like"
    },
    {
      "gene": "PEBP4",
      "cluster": "B",
      "acrophase": 4.2,
      "amplitude": 0.135,
      "beta1": 1.375362488328335,
      "beta2": -0.9118594205510817,
      "modulus": 0.9549133052539804,
      "eigenperiodHours": 24.58283333779638,
      "isStable": true,
      "stabilityMargin": 0.04508669474601956,
      "fibonacciRatio": -1.5083054002963916,
      "fibonacciProximity": 89.60773080230437,
      "fibonacciClass": "Fibonacci-like"
    },
    {
      "gene": "PGK1",
      "cluster": "A",
      "acrophase": 9.2,
      "amplitude": 0.179,
      "beta1": 1.4357097937202852,
      "beta2": -0.9569306233259454,
      "modulus": 0.9782283083850852,
      "eigenperiodHours": 25.2387069420374,
      "isStable": true,
      "stabilityMargin": 0.021771691614914768,
      "fibonacciRatio": -1.5003279848337137,
      "fibonacciProximity": 88.89573641841982,
      "fibonacciClass": "Fibonacci-like"
    },
    {
      "gene": "ALB",
      "cluster": "B",
      "acrophase": 0.1,
      "amplitude": 0.05,
      "beta1": 1.1458337546475832,
      "beta2": -0.7671615471629138,
      "modulus": 0.875877586859553,
      "eigenperiodHours": 21.974401993849902,
      "isStable": true,
      "stabilityMargin": 0.12412241314044703,
      "fibonacciRatio": -1.4936016525920255,
      "fibonacciProximity": 88.29980063827823,
      "fibonacciClass": "Fibonacci-like"
    },
    {
      "gene": "C1R",
      "cluster": "B",
      "acrophase": 6.1,
      "amplitude": 0.042,
      "beta1": 1.239999673279499,
      "beta2": -0.8329553122021025,
      "modulus": 0.9126638549882988,
      "eigenperiodHours": 22.877139407929974,
      "isStable": true,
      "stabilityMargin": 0.08733614501170117,
      "fibonacciRatio": -1.4886749086229898,
      "fibonacciProximity": 87.86584001225157,
      "fibonacciClass": "Fibonacci-like"
    },
    {
      "gene": "SERPIND1",
      "cluster": "B",
      "acrophase": 3.3,
      "amplitude": 0.03,
      "beta1": 1.151420972402775,
      "beta2": -0.6586381595570856,
      "modulus": 0.8115652528029312,
      "eigenperiodHours": 24.098926571999122,
      "isStable": true,
      "stabilityMargin": 0.18843474719706876,
      "fibonacciRatio": -1.748184425234443,
      "fibonacciProximity": 87.79633432664862,
      "fibonacciClass": "Fibonacci-like"
    },
    {
      "gene": "HLA-B",
      "cluster": "A",
      "acrophase": 7.1,
      "amplitude": 0.143,
      "beta1": 1.3523561782089502,
      "beta2": -0.9141002212159606,
      "modulus": 0.9560858858993582,
      "eigenperiodHours": 24.00557388102255,
      "isStable": true,
      "stabilityMargin": 0.04391411410064183,
      "fibonacciRatio": -1.47943972315203,
      "fibonacciProximity": 87.0581181545433,
      "fibonacciClass": "Fibonacci-like"
    },
    {
      "gene": "PROZ",
      "cluster": "A",
      "acrophase": 9.9,
      "amplitude": 0.047,
      "beta1": 1.3401229481228256,
      "beta2": -0.9064192746848221,
      "modulus": 0.9520605415018638,
      "eigenperiodHours": 23.858327334667134,
      "isStable": true,
      "stabilityMargin": 0.04793945849813619,
      "fibonacciRatio": -1.4784801973554786,
      "fibonacciProximity": 86.97462370831835,
      "fibonacciClass": "Fibonacci-like"
    },
    {
      "gene": "SPP2",
      "cluster": "A",
      "acrophase": 8,
      "amplitude": 0.155,
      "beta1": 1.4122212649132564,
      "beta2": -0.9553611630020669,
      "modulus": 0.9774257838844169,
      "eigenperiodHours": 24.688272188432705,
      "isStable": true,
      "stabilityMargin": 0.02257421611558308,
      "fibonacciRatio": -1.478206692509439,
      "fibonacciProximity": 86.95083898001914,
      "fibonacciClass": "Fibonacci-like"
    },
    {
      "gene": "ILK",
      "cluster": "A",
      "acrophase": 16.5,
      "amplitude": 0.299,
      "beta1": 1.3562868612347572,
      "beta2": -0.9287608985648177,
      "modulus": 0.9637224177971672,
      "eigenperiodHours": 23.85278519468339,
      "isStable": true,
      "stabilityMargin": 0.036277582202832837,
      "fibonacciRatio": -1.4603186496444678,
      "fibonacciProximity": 85.40928742090335,
      "fibonacciClass": "Fibonacci-like"
    },
    {
      "gene": "VCL",
      "cluster": "A",
      "acrophase": 16.6,
      "amplitude": 0.26,
      "beta1": 1.3697864844587286,
      "beta2": -0.9384911285061861,
      "modulus": 0.9687575179095056,
      "eigenperiodHours": 23.99456977763929,
      "isStable": true,
      "stabilityMargin": 0.031242482090494406,
      "fibonacciRatio": -1.4595625284588927,
      "fibonacciProximity": 85.34473205815387,
      "fibonacciClass": "Fibonacci-like"
    },
    {
      "gene": "ALDOA",
      "cluster": "A",
      "acrophase": 16.5,
      "amplitude": 0.145,
      "beta1": 1.3520324068520893,
      "beta2": -0.9273583991716237,
      "modulus": 0.962994495919693,
      "eigenperiodHours": 23.78183584950269,
      "isStable": true,
      "stabilityMargin": 0.037005504080307006,
      "fibonacciRatio": -1.4579394633831018,
      "fibonacciProximity": 85.20632435688505,
      "fibonacciClass": "Fibonacci-like"
    },
    {
      "gene": "MGP",
      "cluster": "B",
      "acrophase": 20.2,
      "amplitude": 0.147,
      "beta1": 1.4224429943677421,
      "beta2": -0.9760328565535019,
      "modulus": 0.987943751715401,
      "eigenperiodHours": 24.571305182002313,
      "isStable": true,
      "stabilityMargin": 0.012056248284598947,
      "fibonacciRatio": -1.4573720390833687,
      "fibonacciProximity": 85.15798993231436,
      "fibonacciClass": "Fibonacci-like"
    },
    {
      "gene": "CAVIN2",
      "cluster": "A",
      "acrophase": 17,
      "amplitude": 0.296,
      "beta1": 1.3808467296406164,
      "beta2": -0.9476414220977176,
      "modulus": 0.9734687576382293,
      "eigenperiodHours": 24.09270080364393,
      "isStable": true,
      "stabilityMargin": 0.026531242361770735,
      "fibonacciRatio": -1.457140535904337,
      "fibonacciProximity": 85.13827786871582,
      "fibonacciClass": "Fibonacci-like"
    },
    {
      "gene": "COMP",
      "cluster": "A",
      "acrophase": 12.4,
      "amplitude": 0.154,
      "beta1": 1.4539259345733058,
      "beta2": -0.9994539582235973,
      "modulus": 0.999726941831417,
      "eigenperiodHours": 24.912896827964936,
      "isStable": true,
      "stabilityMargin": 0.0002730581685830291,
      "fibonacciRatio": -1.4547202726151336,
      "fibonacciProximity": 84.93246997539154,
      "fibonacciClass": "Near-Fibonacci"
    },
    {
      "gene": "IGKV2-29",
      "cluster": "A",
      "acrophase": 17.9,
      "amplitude": 0.062,
      "beta1": 1.2814255162758172,
      "beta2": -0.7192626605208261,
      "modulus": 0.8480935446758371,
      "eigenperiodHours": 26.38446241321519,
      "isStable": true,
      "stabilityMargin": 0.15190645532416291,
      "fibonacciRatio": -1.7815821487909893,
      "fibonacciProximity": 84.9125604092854,
      "fibonacciClass": "Near-Fibonacci"
    },
    {
      "gene": "MB",
      "cluster": "A",
      "acrophase": 9.5,
      "amplitude": 0.165,
      "beta1": 1.3852576742955165,
      "beta2": -0.9532617403941401,
      "modulus": 0.9763512382304537,
      "eigenperiodHours": 24.099911439752464,
      "isStable": true,
      "stabilityMargin": 0.023648761769546334,
      "fibonacciRatio": -1.4531766204345526,
      "fibonacciProximity": 84.80146492204396,
      "fibonacciClass": "Near-Fibonacci"
    },
    {
      "gene": "IGFBP4",
      "cluster": "B",
      "acrophase": 3.6,
      "amplitude": 0.119,
      "beta1": 1.4130201787749002,
      "beta2": -0.9753463148278456,
      "modulus": 0.9875962306670908,
      "eigenperiodHours": 24.365284687494494,
      "isStable": true,
      "stabilityMargin": 0.01240376933290921,
      "fibonacciRatio": -1.448736881754976,
      "fibonacciProximity": 84.42580311533601,
      "fibonacciClass": "Near-Fibonacci"
    },
    {
      "gene": "MMRN1",
      "cluster": "A",
      "acrophase": 19.4,
      "amplitude": 0.145,
      "beta1": 1.376621611318967,
      "beta2": -0.9506984712429016,
      "modulus": 0.9750376768324912,
      "eigenperiodHours": 23.94940308452812,
      "isStable": true,
      "stabilityMargin": 0.024962323167508793,
      "fibonacciRatio": -1.448010755207413,
      "fibonacciProximity": 84.36452155017291,
      "fibonacciClass": "Near-Fibonacci"
    },
    {
      "gene": "APOC2",
      "cluster": "A",
      "acrophase": 12.9,
      "amplitude": 0.091,
      "beta1": 1.3491302613377911,
      "beta2": -0.9336438884859035,
      "modulus": 0.9662524972727903,
      "eigenperiodHours": 23.620380680329333,
      "isStable": true,
      "stabilityMargin": 0.03374750272720972,
      "fibonacciRatio": -1.445015897362842,
      "fibonacciProximity": 84.11223976361188,
      "fibonacciClass": "Near-Fibonacci"
    },
    {
      "gene": "CFD",
      "cluster": "B",
      "acrophase": 2.5,
      "amplitude": 0.136,
      "beta1": 1.2813205425389071,
      "beta2": -0.8870048795237153,
      "modulus": 0.9418093647462396,
      "eigenperiodHours": 22.91180215090599,
      "isStable": true,
      "stabilityMargin": 0.05819063525376045,
      "fibonacciRatio": -1.4445473436706717,
      "fibonacciProximity": 84.07283789478036,
      "fibonacciClass": "Near-Fibonacci"
    },
    {
      "gene": "CALML3",
      "cluster": "A",
      "acrophase": 17.4,
      "amplitude": 0.286,
      "beta1": 1.4000774157783553,
      "beta2": -0.9702298658263828,
      "modulus": 0.9850024699595341,
      "eigenperiodHours": 24.156581451006904,
      "isStable": true,
      "stabilityMargin": 0.01499753004046589,
      "fibonacciRatio": -1.4430368153899844,
      "fibonacciProximity": 83.94593936154293,
      "fibonacciClass": "Near-Fibonacci"
    },
    {
      "gene": "PLEK",
      "cluster": "A",
      "acrophase": 15.6,
      "amplitude": 0.279,
      "beta1": 1.362780226495886,
      "beta2": -0.9459579120252641,
      "modulus": 0.9726036767487897,
      "eigenperiodHours": 23.722624082675967,
      "isStable": true,
      "stabilityMargin": 0.02739632325121033,
      "fibonacciRatio": -1.440635158469386,
      "fibonacciProximity": 83.74457191986396,
      "fibonacciClass": "Near-Fibonacci"
    },
    {
      "gene": "PDLIM1",
      "cluster": "A",
      "acrophase": 16.7,
      "amplitude": 0.294,
      "beta1": 1.3904113074776916,
      "beta2": -0.9670762999066369,
      "modulus": 0.9834003761981368,
      "eigenperiodHours": 23.992821517804124,
      "isStable": true,
      "stabilityMargin": 0.016599623801863195,
      "fibonacciRatio": -1.437747267316885,
      "fibonacciProximity": 83.50307558694642,
      "fibonacciClass": "Near-Fibonacci"
    },
    {
      "gene": "ACTB",
      "cluster": "A",
      "acrophase": 16.6,
      "amplitude": 0.295,
      "beta1": 1.3770169278566513,
      "beta2": -0.957967921371349,
      "modulus": 0.9787583569867228,
      "eigenperiodHours": 23.84344472541813,
      "isStable": true,
      "stabilityMargin": 0.021241643013277245,
      "fibonacciRatio": -1.4374353223492347,
      "fibonacciProximity": 83.47703128513939,
      "fibonacciClass": "Near-Fibonacci"
    },
    {
      "gene": "ARPC5",
      "cluster": "A",
      "acrophase": 8.8,
      "amplitude": 0.207,
      "beta1": 1.4112893382909206,
      "beta2": -0.9836925253397055,
      "modulus": 0.9918127471149509,
      "eigenperiodHours": 24.190630948914716,
      "isStable": true,
      "stabilityMargin": 0.008187252885049068,
      "fibonacciRatio": -1.4346854346621676,
      "fibonacciProximity": 83.24779415728844,
      "fibonacciClass": "Near-Fibonacci"
    },
    {
      "gene": "ANG",
      "cluster": "B",
      "acrophase": 2.2,
      "amplitude": 0.139,
      "beta1": 1.2921727332953878,
      "beta2": -0.90072630329351,
      "modulus": 0.9490660162989243,
      "eigenperiodHours": 22.931433901860643,
      "isStable": true,
      "stabilityMargin": 0.050933983701075713,
      "fibonacciRatio": -1.4345897622513655,
      "fibonacciProximity": 83.23983002110758,
      "fibonacciClass": "Near-Fibonacci"
    },
    {
      "gene": "RSU1",
      "cluster": "A",
      "acrophase": 17.2,
      "amplitude": 0.264,
      "beta1": 1.4179716964651234,
      "beta2": -0.9884487235568145,
      "modulus": 0.9942075857469679,
      "eigenperiodHours": 24.263693826241052,
      "isStable": true,
      "stabilityMargin": 0.005792414253032119,
      "fibonacciRatio": -1.4345424933756017,
      "fibonacciProximity": 83.23589546091557,
      "fibonacciClass": "Near-Fibonacci"
    },
    {
      "gene": "IGFBP7",
      "cluster": "B",
      "acrophase": 1,
      "amplitude": 0.091,
      "beta1": 1.3911442855115865,
      "beta2": -0.9706176381547493,
      "modulus": 0.9851992885476265,
      "eigenperiodHours": 23.953238112447664,
      "isStable": true,
      "stabilityMargin": 0.014800711452373494,
      "fibonacciRatio": -1.4332567540770271,
      "fibonacciProximity": 83.12894456928522,
      "fibonacciClass": "Near-Fibonacci"
    },
    {
      "gene": "PPIA",
      "cluster": "A",
      "acrophase": 15.8,
      "amplitude": 0.207,
      "beta1": 1.3874619718298788,
      "beta2": -0.9696597991917599,
      "modulus": 0.9847130542405539,
      "eigenperiodHours": 23.888106176938855,
      "isStable": true,
      "stabilityMargin": 0.015286945759446113,
      "fibonacciRatio": -1.4308750068698004,
      "fibonacciProximity": 82.93118803423994,
      "fibonacciClass": "Near-Fibonacci"
    },
    {
      "gene": "THBS1",
      "cluster": "A",
      "acrophase": 17.3,
      "amplitude": 0.229,
      "beta1": 1.4037741020564027,
      "beta2": -0.9814364875882688,
      "modulus": 0.9906747637788442,
      "eigenperiodHours": 24.06015499225795,
      "isStable": true,
      "stabilityMargin": 0.009325236221155775,
      "fibonacciRatio": -1.430325976065924,
      "fibonacciProximity": 82.88566875429392,
      "fibonacciClass": "Near-Fibonacci"
    },
    {
      "gene": "S100A8",
      "cluster": "A",
      "acrophase": 12.9,
      "amplitude": 0.311,
      "beta1": 1.4462809845630602,
      "beta2": -1.0111942220713956,
      "modulus": 1.005581534273276,
      "eigenperiodHours": 24.53565313523371,
      "isStable": false,
      "stabilityMargin": -0.005581534273275901,
      "fibonacciRatio": -1.4302702220750478,
      "fibonacciProximity": 82.8810476762974,
      "fibonacciClass": "Near-Fibonacci"
    },
    {
      "gene": "THBS4",
      "cluster": "A",
      "acrophase": 13,
      "amplitude": 0.191,
      "beta1": 1.4334246706708313,
      "beta2": -1.0031021931908413,
      "modulus": 1.0015498955073787,
      "eigenperiodHours": 24.37519243057316,
      "isStable": false,
      "stabilityMargin": -0.001549895507378718,
      "fibonacciRatio": -1.428991662465761,
      "fibonacciProximity": 82.77514703093343,
      "fibonacciClass": "Near-Fibonacci"
    },
    {
      "gene": "APOC4",
      "cluster": "A",
      "acrophase": 12.1,
      "amplitude": 0.145,
      "beta1": 1.384567057942803,
      "beta2": -0.9695550088270011,
      "modulus": 0.9846598442238828,
      "eigenperiodHours": 23.827241219656592,
      "isStable": true,
      "stabilityMargin": 0.015340155776117248,
      "fibonacciRatio": -1.4280438400477111,
      "fibonacciProximity": 82.69672806042001,
      "fibonacciClass": "Near-Fibonacci"
    },
    {
      "gene": "CST6",
      "cluster": "B",
      "acrophase": 22.1,
      "amplitude": 0.191,
      "beta1": 1.4372759835316558,
      "beta2": -1.007208999399083,
      "modulus": 1.0035980268011107,
      "eigenperiodHours": 24.395900700574295,
      "isStable": false,
      "stabilityMargin": -0.003598026801110654,
      "fibonacciRatio": -1.4269888219715647,
      "fibonacciProximity": 82.60952752463717,
      "fibonacciClass": "Near-Fibonacci"
    },
    {
      "gene": "CRTAC1",
      "cluster": "A",
      "acrophase": 18.6,
      "amplitude": 0.05,
      "beta1": 1.3903442848818486,
      "beta2": -0.9749519687734391,
      "modulus": 0.9873965610500368,
      "eigenperiodHours": 23.868714619991092,
      "isStable": true,
      "stabilityMargin": 0.012603438949963186,
      "fibonacciRatio": -1.4260643902601717,
      "fibonacciProximity": 82.5331959448326,
      "fibonacciClass": "Near-Fibonacci"
    },
    {
      "gene": "S100A9",
      "cluster": "A",
      "acrophase": 12.8,
      "amplitude": 0.337,
      "beta1": 1.371607800274397,
      "beta2": -0.9621839229977454,
      "modulus": 0.9809097425338099,
      "eigenperiodHours": 23.662892046081467,
      "isStable": true,
      "stabilityMargin": 0.019090257466190086,
      "fibonacciRatio": -1.4255151925642922,
      "fibonacciProximity": 82.48788134826111,
      "fibonacciClass": "Near-Fibonacci"
    },
    {
      "gene": "IGLV3-19",
      "cluster": "B",
      "acrophase": 2.6,
      "amplitude": 0.045,
      "beta1": 1.3922487267479937,
      "beta2": -0.9770320486177297,
      "modulus": 0.9884493151485967,
      "eigenperiodHours": 23.877806051579874,
      "isStable": true,
      "stabilityMargin": 0.011550684851403314,
      "fibonacciRatio": -1.4249775416453307,
      "fibonacciProximity": 82.44354358323913,
      "fibonacciClass": "Near-Fibonacci"
    },
    {
      "gene": "TFRC",
      "cluster": "A",
      "acrophase": 18.5,
      "amplitude": 0.035,
      "beta1": 1.2115739482790104,
      "beta2": -0.8503602459904869,
      "modulus": 0.9221497958523261,
      "eigenperiodHours": 22.070580910856577,
      "isStable": true,
      "stabilityMargin": 0.07785020414767385,
      "fibonacciRatio": -1.4247772682127058,
      "fibonacciProximity": 82.42703398504008,
      "fibonacciClass": "Near-Fibonacci"
    },
    {
      "gene": "MYL6",
      "cluster": "A",
      "acrophase": 16.4,
      "amplitude": 0.372,
      "beta1": 1.4310730870688744,
      "beta2": -1.0045834551217112,
      "modulus": 1.0022891075541585,
      "eigenperiodHours": 24.298774694580075,
      "isStable": false,
      "stabilityMargin": -0.002289107554158454,
      "fibonacciRatio": -1.4245437547002917,
      "fibonacciProximity": 82.4077884059552,
      "fibonacciClass": "Near-Fibonacci"
    },
    {
      "gene": "SEMA4B",
      "cluster": "A",
      "acrophase": 17.3,
      "amplitude": 0.897,
      "beta1": 1.4110068541343486,
      "beta2": -0.9906355840766494,
      "modulus": 0.9953067788760657,
      "eigenperiodHours": 24.074797996696347,
      "isStable": true,
      "stabilityMargin": 0.0046932211239343324,
      "fibonacciRatio": -1.4243450132568358,
      "fibonacciProximity": 82.39141219050565,
      "fibonacciClass": "Near-Fibonacci"
    },
    {
      "gene": "ACTA1",
      "cluster": "A",
      "acrophase": 16.3,
      "amplitude": 0.254,
      "beta1": 1.4262688760264552,
      "beta2": -1.0025728248118355,
      "modulus": 1.0012855860401844,
      "eigenperiodHours": 24.223791513449285,
      "isStable": false,
      "stabilityMargin": -0.001285586040184361,
      "fibonacciRatio": -1.422608752929384,
      "fibonacciProximity": 82.24848336692567,
      "fibonacciClass": "Near-Fibonacci"
    },
    {
      "gene": "ENO1",
      "cluster": "A",
      "acrophase": 7.7,
      "amplitude": 0.206,
      "beta1": 1.4258134794948631,
      "beta2": -1.0023311158305148,
      "modulus": 1.0011648794431989,
      "eigenperiodHours": 24.217515733530007,
      "isStable": false,
      "stabilityMargin": -0.001164879443198874,
      "fibonacciRatio": -1.4224974731164142,
      "fibonacciProximity": 82.23933128031022,
      "fibonacciClass": "Near-Fibonacci"
    },
    {
      "gene": "PPBP",
      "cluster": "A",
      "acrophase": 19,
      "amplitude": 0.216,
      "beta1": 1.4149332820658742,
      "beta2": -0.9947835043374624,
      "modulus": 0.9973883417894268,
      "eigenperiodHours": 24.096141286819567,
      "isStable": true,
      "stabilityMargin": 0.0026116582105731867,
      "fibonacciRatio": -1.4223529802177777,
      "fibonacciProximity": 82.22744913941477,
      "fibonacciClass": "Near-Fibonacci"
    },
    {
      "gene": "ZYX",
      "cluster": "A",
      "acrophase": 16.8,
      "amplitude": 0.283,
      "beta1": 1.3784249713419285,
      "beta2": -0.9694947567842576,
      "modulus": 0.9846292483895944,
      "eigenperiodHours": 23.6970586423616,
      "isStable": true,
      "stabilityMargin": 0.015370751610405575,
      "fibonacciRatio": -1.4217972420130072,
      "fibonacciProximity": 82.18176489986159,
      "fibonacciClass": "Near-Fibonacci"
    },
    {
      "gene": "CST3",
      "cluster": "B",
      "acrophase": 1,
      "amplitude": 0.106,
      "beta1": 1.3473124952000148,
      "beta2": -0.9483286152531036,
      "modulus": 0.9738216547464447,
      "eigenperiodHours": 23.361467959183585,
      "isStable": true,
      "stabilityMargin": 0.026178345253555335,
      "fibonacciRatio": -1.4207232319362468,
      "fibonacciProximity": 82.09354823750516,
      "fibonacciClass": "Near-Fibonacci"
    },
    {
      "gene": "RAP1B",
      "cluster": "A",
      "acrophase": 15.7,
      "amplitude": 0.271,
      "beta1": 1.4289714059404446,
      "beta2": -1.0061780959275382,
      "modulus": 1.0030842915366276,
      "eigenperiodHours": 24.226895405399265,
      "isStable": false,
      "stabilityMargin": -0.0030842915366275925,
      "fibonacciRatio": -1.4201972908415954,
      "fibonacciProximity": 82.05038321900484,
      "fibonacciClass": "Near-Fibonacci"
    },
    {
      "gene": "SRGN",
      "cluster": "A",
      "acrophase": 18.8,
      "amplitude": 0.268,
      "beta1": 1.41887988585232,
      "beta2": -0.9991387997174286,
      "modulus": 0.9995693071105318,
      "eigenperiodHours": 24.114798484337612,
      "isStable": true,
      "stabilityMargin": 0.0004306928894681761,
      "fibonacciRatio": -1.4201028788528685,
      "fibonacciProximity": 82.04263704482095,
      "fibonacciClass": "Near-Fibonacci"
    },
    {
      "gene": "ACTN1",
      "cluster": "A",
      "acrophase": 17,
      "amplitude": 0.288,
      "beta1": 1.3996715674977622,
      "beta2": -0.9866768559003276,
      "modulus": 0.9933160906279167,
      "eigenperiodHours": 23.88999388752085,
      "isStable": true,
      "stabilityMargin": 0.0066839093720832965,
      "fibonacciRatio": -1.4185713986577533,
      "fibonacciProximity": 81.91708653463088,
      "fibonacciClass": "Near-Fibonacci"
    },
    {
      "gene": "CALR",
      "cluster": "A",
      "acrophase": 8.2,
      "amplitude": 0.137,
      "beta1": 1.401175129004585,
      "beta2": -0.9878143892105697,
      "modulus": 0.9938885195083852,
      "eigenperiodHours": 23.904966530762138,
      "isStable": true,
      "stabilityMargin": 0.006111480491614807,
      "fibonacciRatio": -1.4184599296274276,
      "fibonacciProximity": 81.90795582533286,
      "fibonacciClass": "Near-Fibonacci"
    },
    {
      "gene": "HSPA8",
      "cluster": "A",
      "acrophase": 16.4,
      "amplitude": 0.589,
      "beta1": 1.4099859420193148,
      "beta2": -0.9942673145557848,
      "modulus": 0.9971295375004116,
      "eigenperiodHours": 23.996356488508546,
      "isStable": true,
      "stabilityMargin": 0.0028704624995884442,
      "fibonacciRatio": -1.418115552404801,
      "fibonacciProximity": 81.87975344740173,
      "fibonacciClass": "Near-Fibonacci"
    },
    {
      "gene": "MTPN",
      "cluster": "A",
      "acrophase": 16.7,
      "amplitude": 0.286,
      "beta1": 1.4060028438235364,
      "beta2": -0.9931461604005136,
      "modulus": 0.9965671881014916,
      "eigenperiodHours": 23.927541148709366,
      "isStable": true,
      "stabilityMargin": 0.0034328118985084144,
      "fibonacciRatio": -1.41570586474052,
      "fibonacciProximity": 81.68268634600419,
      "fibonacciClass": "Near-Fibonacci"
    },
    {
      "gene": "LIMS1",
      "cluster": "A",
      "acrophase": 16.6,
      "amplitude": 0.276,
      "beta1": 1.4062168988721737,
      "beta2": -0.9943829881635509,
      "modulus": 0.9971875391136569,
      "eigenperiodHours": 23.913346533464775,
      "isStable": true,
      "stabilityMargin": 0.0028124608863431266,
      "fibonacciRatio": -1.414160253756158,
      "fibonacciProximity": 81.55653420493694,
      "fibonacciClass": "Near-Fibonacci"
    },
    {
      "gene": "TUBA1C",
      "cluster": "A",
      "acrophase": 16.9,
      "amplitude": 0.558,
      "beta1": 1.4128035213747,
      "beta2": -0.9993372364393629,
      "modulus": 0.9996685632945366,
      "eigenperiodHours": 23.979677616656794,
      "isStable": true,
      "stabilityMargin": 0.0003314367054634282,
      "fibonacciRatio": -1.4137404970603487,
      "fibonacciProximity": 81.52230748756686,
      "fibonacciClass": "Near-Fibonacci"
    },
    {
      "gene": "FERMT3",
      "cluster": "A",
      "acrophase": 16.7,
      "amplitude": 0.313,
      "beta1": 1.416840167682878,
      "beta2": -1.0025915219471955,
      "modulus": 1.0012949225613779,
      "eigenperiodHours": 24.017179583830504,
      "isStable": false,
      "stabilityMargin": -0.0012949225613778648,
      "fibonacciRatio": -1.4131778861755626,
      "fibonacciProximity": 81.47645504977126,
      "fibonacciClass": "Near-Fibonacci"
    },
    {
      "gene": "IGLV2-11",
      "cluster": "B",
      "acrophase": 2.1,
      "amplitude": 0.094,
      "beta1": 1.3316580995652885,
      "beta2": -0.942615108622249,
      "modulus": 0.970883674093992,
      "eigenperiodHours": 23.12550343067568,
      "isStable": true,
      "stabilityMargin": 0.02911632590600799,
      "fibonacciRatio": -1.4127273023574543,
      "fibonacciProximity": 81.4397513472372,
      "fibonacciClass": "Near-Fibonacci"
    },
    {
      "gene": "CFL1",
      "cluster": "A",
      "acrophase": 16.7,
      "amplitude": 0.327,
      "beta1": 1.403392996423186,
      "beta2": -0.9936484970722006,
      "modulus": 0.9968191897592064,
      "eigenperiodHours": 23.86403624375503,
      "isStable": true,
      "stabilityMargin": 0.003180810240793641,
      "fibonacciRatio": -1.41236362814245,
      "fibonacciProximity": 81.41013919451042,
      "fibonacciClass": "Near-Fibonacci"
    },
    {
      "gene": "FLNA",
      "cluster": "A",
      "acrophase": 16.4,
      "amplitude": 0.328,
      "beta1": 1.394549404963854,
      "beta2": -0.9877031068580493,
      "modulus": 0.9938325346143833,
      "eigenperiodHours": 23.765335227474665,
      "isStable": true,
      "stabilityMargin": 0.006167465385616744,
      "fibonacciRatio": -1.4119115301763203,
      "fibonacciProximity": 81.37334215471842,
      "fibonacciClass": "Near-Fibonacci"
    },
    {
      "gene": "IGFBP6",
      "cluster": "B",
      "acrophase": 1,
      "amplitude": 0.153,
      "beta1": 1.4498230779319101,
      "beta2": -1.0280081773706229,
      "modulus": 1.013907381061319,
      "eigenperiodHours": 24.346583572915307,
      "isStable": false,
      "stabilityMargin": -0.013907381061319057,
      "fibonacciRatio": -1.4103225147879463,
      "fibonacciProximity": 81.24414134005818,
      "fibonacciClass": "Near-Fibonacci"
    },
    {
      "gene": "B2M",
      "cluster": "B",
      "acrophase": 3.6,
      "amplitude": 0.127,
      "beta1": 1.4272711512364253,
      "beta2": -1.012390704239806,
      "modulus": 1.00617627890932,
      "eigenperiodHours": 24.093339683745906,
      "isStable": false,
      "stabilityMargin": -0.006176278909320043,
      "fibonacciRatio": -1.4098027029082107,
      "fibonacciProximity": 81.20192064459091,
      "fibonacciClass": "Near-Fibonacci"
    },
    {
      "gene": "PKM",
      "cluster": "A",
      "acrophase": 17.2,
      "amplitude": 0.298,
      "beta1": 1.3989657172124907,
      "beta2": -0.9926462725568115,
      "modulus": 0.9963163516458071,
      "eigenperiodHours": 23.78500443860614,
      "isStable": true,
      "stabilityMargin": 0.003683648354192881,
      "fibonacciRatio": -1.4093295425460077,
      "fibonacciProximity": 81.16350820274624,
      "fibonacciClass": "Near-Fibonacci"
    },
    {
      "gene": "TUBB1",
      "cluster": "A",
      "acrophase": 16.6,
      "amplitude": 0.344,
      "beta1": 1.407391964684649,
      "beta2": -0.9987239016007337,
      "modulus": 0.9993617471169955,
      "eigenperiodHours": 23.87296606879726,
      "isStable": true,
      "stabilityMargin": 0.0006382528830044532,
      "fibonacciRatio": -1.409190230081518,
      "fibonacciProximity": 81.15220190196449,
      "fibonacciClass": "Near-Fibonacci"
    },
    {
      "gene": "TLN1",
      "cluster": "A",
      "acrophase": 16.5,
      "amplitude": 0.337,
      "beta1": 1.4234653579233623,
      "beta2": -1.0103125004567985,
      "modulus": 1.0051430248759619,
      "eigenperiodHours": 24.04263628040414,
      "isStable": false,
      "stabilityMargin": -0.005143024875961855,
      "fibonacciRatio": -1.4089357077931457,
      "fibonacciProximity": 81.1315494861915,
      "fibonacciClass": "Near-Fibonacci"
    },
    {
      "gene": "YWHAZ",
      "cluster": "A",
      "acrophase": 16.7,
      "amplitude": 0.27,
      "beta1": 1.4064839954565826,
      "beta2": -0.9991309706675935,
      "modulus": 0.9995653908912581,
      "eigenperiodHours": 23.847555486211277,
      "isStable": true,
      "stabilityMargin": 0.0004346091087419346,
      "fibonacciRatio": -1.4077073344216389,
      "fibonacciProximity": 81.03195083590221,
      "fibonacciClass": "Near-Fibonacci"
    },
    {
      "gene": "TAGLN2",
      "cluster": "A",
      "acrophase": 16.8,
      "amplitude": 0.34,
      "beta1": 1.4347120712509422,
      "beta2": -1.0193817790981754,
      "modulus": 1.0096443824922592,
      "eigenperiodHours": 24.14805969949855,
      "isStable": false,
      "stabilityMargin": -0.009644382492259185,
      "fibonacciRatio": -1.4074335059433771,
      "fibonacciProximity": 81.00976501780727,
      "fibonacciClass": "Near-Fibonacci"
    },
    {
      "gene": "ITGB3",
      "cluster": "A",
      "acrophase": 16.2,
      "amplitude": 0.222,
      "beta1": 1.4372976952582661,
      "beta2": -1.0224180965979315,
      "modulus": 1.0111469213709408,
      "eigenperiodHours": 24.15785868324265,
      "isStable": false,
      "stabilityMargin": -0.011146921370940754,
      "fibonacciRatio": -1.4057827223919797,
      "fibonacciProximity": 80.87614574880267,
      "fibonacciClass": "Near-Fibonacci"
    },
    {
      "gene": "PTGDS",
      "cluster": "B",
      "acrophase": 2.7,
      "amplitude": 0.124,
      "beta1": 1.4471230340324155,
      "beta2": -1.0294389600774707,
      "modulus": 1.0146127143287091,
      "eigenperiodHours": 24.264766823022754,
      "isStable": false,
      "stabilityMargin": -0.014612714328709142,
      "fibonacciRatio": -1.4057395242973045,
      "fibonacciProximity": 80.87265212886106,
      "fibonacciClass": "Near-Fibonacci"
    },
    {
      "gene": "PARVB",
      "cluster": "A",
      "acrophase": 16,
      "amplitude": 0.22,
      "beta1": 1.389677298568671,
      "beta2": -0.9900432678461186,
      "modulus": 0.9950091797798243,
      "eigenperiodHours": 23.62860098437166,
      "isStable": true,
      "stabilityMargin": 0.004990820220175718,
      "fibonacciRatio": -1.403653096487362,
      "fibonacciProximity": 80.7040930826837,
      "fibonacciClass": "Near-Fibonacci"
    },
    {
      "gene": "MYL12A",
      "cluster": "A",
      "acrophase": 16.1,
      "amplitude": 0.203,
      "beta1": 1.4188208810455762,
      "beta2": -1.0110611137127705,
      "modulus": 1.0055153473283094,
      "eigenperiodHours": 23.93166673996674,
      "isStable": false,
      "stabilityMargin": -0.0055153473283093835,
      "fibonacciRatio": -1.4032988330798815,
      "fibonacciProximity": 80.67550763935786,
      "fibonacciClass": "Near-Fibonacci"
    },
    {
      "gene": "GAPDH",
      "cluster": "A",
      "acrophase": 17.2,
      "amplitude": 0.219,
      "beta1": 1.4371277640551199,
      "beta2": -1.0243197564404056,
      "modulus": 1.012086832460736,
      "eigenperiodHours": 24.12517582086472,
      "isStable": false,
      "stabilityMargin": -0.012086832460735941,
      "fibonacciRatio": -1.4030069761118888,
      "fibonacciProximity": 80.65196536596235,
      "fibonacciClass": "Near-Fibonacci"
    },
    {
      "gene": "IGLV3-1",
      "cluster": "B",
      "acrophase": 0.7,
      "amplitude": 0.093,
      "beta1": 1.446323594856608,
      "beta2": -1.0312679212794365,
      "modulus": 1.0155136243691842,
      "eigenperiodHours": 24.219158573773058,
      "isStable": false,
      "stabilityMargin": -0.015513624369184242,
      "fibonacciRatio": -1.4024712346935364,
      "fibonacciProximity": 80.60876833989548,
      "fibonacciClass": "Near-Fibonacci"
    },
    {
      "gene": "CKM",
      "cluster": "A",
      "acrophase": 13.8,
      "amplitude": 0.238,
      "beta1": 1.4343852839998021,
      "beta2": -1.0227628013255412,
      "modulus": 1.011317359351426,
      "eigenperiodHours": 24.089484384603153,
      "isStable": false,
      "stabilityMargin": -0.01131735935142597,
      "fibonacciRatio": -1.4024613352585584,
      "fibonacciProximity": 80.60797036258441,
      "fibonacciClass": "Near-Fibonacci"
    },
    {
      "gene": "PRAP1",
      "cluster": "B",
      "acrophase": 1.4,
      "amplitude": 0.205,
      "beta1": 1.3682698512043885,
      "beta2": -0.9779614009557207,
      "modulus": 0.9889193096283037,
      "eigenperiodHours": 23.362872558369222,
      "isStable": true,
      "stabilityMargin": 0.011080690371696345,
      "fibonacciRatio": -1.3991041465105225,
      "fibonacciProximity": 80.33780793835015,
      "fibonacciClass": "Near-Fibonacci"
    },
    {
      "gene": "TPM1",
      "cluster": "A",
      "acrophase": 14.5,
      "amplitude": 0.185,
      "beta1": 1.3937201076977885,
      "beta2": -0.9965761795053254,
      "modulus": 0.998286621920441,
      "eigenperiodHours": 23.61752776983807,
      "isStable": true,
      "stabilityMargin": 0.0017133780795589582,
      "fibonacciRatio": -1.3985083492459103,
      "fibonacciProximity": 80.28995714823594,
      "fibonacciClass": "Near-Fibonacci"
    },
    {
      "gene": "ARF1",
      "cluster": "A",
      "acrophase": 11.6,
      "amplitude": 0.242,
      "beta1": 1.3584409408694427,
      "beta2": -0.9727324474924615,
      "modulus": 0.9862719946812143,
      "eigenperiodHours": 23.238441794425494,
      "isStable": true,
      "stabilityMargin": 0.013728005318785708,
      "fibonacciRatio": -1.396520640769486,
      "fibonacciProximity": 80.13052262700889,
      "fibonacciClass": "Near-Fibonacci"
    },
    {
      "gene": "TPM3",
      "cluster": "A",
      "acrophase": 15.7,
      "amplitude": 0.28,
      "beta1": 1.4082867073710617,
      "beta2": -1.00932475025013,
      "modulus": 1.0046515566354983,
      "eigenperiodHours": 23.7351696981276,
      "isStable": false,
      "stabilityMargin": -0.004651556635498322,
      "fibonacciRatio": -1.3952761061512278,
      "fibonacciProximity": 80.03085944762267,
      "fibonacciClass": "Near-Fibonacci"
    },
    {
      "gene": "TKT",
      "cluster": "A",
      "acrophase": 18.8,
      "amplitude": 0.243,
      "beta1": 1.4038904159439412,
      "beta2": -1.0065682656594248,
      "modulus": 1.0032787577036728,
      "eigenperiodHours": 23.683705750719728,
      "isStable": false,
      "stabilityMargin": -0.0032787577036728077,
      "fibonacciRatio": -1.3947294623124462,
      "fibonacciProximity": 79.98712302660488,
      "fibonacciClass": "Near-Fibonacci"
    },
    {
      "gene": "IGKV2D-29",
      "cluster": "B",
      "acrophase": 3.7,
      "amplitude": 0.134,
      "beta1": 1.428936606051309,
      "beta2": -1.0246263889415559,
      "modulus": 1.01223830639902,
      "eigenperiodHours": 23.945005600281107,
      "isStable": false,
      "stabilityMargin": -0.012238306399019905,
      "fibonacciRatio": -1.394592820830437,
      "fibonacciProximity": 79.97619421425443,
      "fibonacciClass": "Near-Fibonacci"
    },
    {
      "gene": "LCP1",
      "cluster": "A",
      "acrophase": 13.7,
      "amplitude": 0.055,
      "beta1": 1.4430235781810552,
      "beta2": -1.0350095154944938,
      "modulus": 1.017354174068448,
      "eigenperiodHours": 24.09111719476325,
      "isStable": false,
      "stabilityMargin": -0.01735417406844797,
      "fibonacciRatio": -1.3942128614070042,
      "fibonacciProximity": 79.94581227792946,
      "fibonacciClass": "Near-Fibonacci"
    },
    {
      "gene": "ITGA2B",
      "cluster": "A",
      "acrophase": 15.9,
      "amplitude": 0.321,
      "beta1": 1.4239807434281886,
      "beta2": -1.021445784505616,
      "modulus": 1.0106660103642626,
      "eigenperiodHours": 23.88707266317028,
      "isStable": false,
      "stabilityMargin": -0.010666010364262624,
      "fibonacciRatio": -1.3940835284932926,
      "fibonacciProximity": 79.9354733216866,
      "fibonacciClass": "Near-Fibonacci"
    },
    {
      "gene": "CAP1",
      "cluster": "A",
      "acrophase": 8.4,
      "amplitude": 0.276,
      "beta1": 1.4119126431701439,
      "beta2": -1.0148730512669815,
      "modulus": 1.0074090784120329,
      "eigenperiodHours": 23.730191112018304,
      "isStable": false,
      "stabilityMargin": -0.007409078412032866,
      "fibonacciRatio": -1.3912209427647062,
      "fibonacciProximity": 79.70697837576526,
      "fibonacciClass": "Near-Fibonacci"
    },
    {
      "gene": "RAB15",
      "cluster": "A",
      "acrophase": 15,
      "amplitude": 0.166,
      "beta1": 1.4612895650623443,
      "beta2": -1.051137222133832,
      "modulus": 1.0252498340081952,
      "eigenperiodHours": 24.242955680807604,
      "isStable": false,
      "stabilityMargin": -0.02524983400819525,
      "fibonacciRatio": -1.3901986670169417,
      "fibonacciProximity": 79.62553749945296,
      "fibonacciClass": "Near-Fibonacci"
    },
    {
      "gene": "AZGP1",
      "cluster": "B",
      "acrophase": 0.5,
      "amplitude": 0.047,
      "beta1": 1.3392855422234788,
      "beta2": -0.9634321055900728,
      "modulus": 0.9815457735582549,
      "eigenperiodHours": 22.987709754205895,
      "isStable": true,
      "stabilityMargin": 0.018454226441745103,
      "fibonacciRatio": -1.3901192771681687,
      "fibonacciProximity": 79.61921629099562,
      "fibonacciClass": "Near-Fibonacci"
    },
    {
      "gene": "IGHV3-35",
      "cluster": "B",
      "acrophase": 2,
      "amplitude": 0.137,
      "beta1": 1.3435227741066456,
      "beta2": -0.9682602774404074,
      "modulus": 0.9840021734937415,
      "eigenperiodHours": 23.00498144546163,
      "isStable": true,
      "stabilityMargin": 0.015997826506258472,
      "fibonacciRatio": -1.3875636596992733,
      "fibonacciProximity": 79.41599981337629,
      "fibonacciClass": "Near-Fibonacci"
    },
    {
      "gene": "CFHR1",
      "cluster": "A",
      "acrophase": 12.5,
      "amplitude": 0.195,
      "beta1": 1.383349295928781,
      "beta2": -0.9978716079581318,
      "modulus": 0.9989352371190696,
      "eigenperiodHours": 23.38742431614409,
      "isStable": true,
      "stabilityMargin": 0.001064762880930381,
      "fibonacciRatio": -1.3862998855728772,
      "fibonacciProximity": 79.31569931952413,
      "fibonacciClass": "Near-Fibonacci"
    },
    {
      "gene": "PFN1",
      "cluster": "A",
      "acrophase": 16.6,
      "amplitude": 0.314,
      "beta1": 1.4304845851160977,
      "beta2": -1.032113570863018,
      "modulus": 1.0159299045027752,
      "eigenperiodHours": 23.867934484168877,
      "isStable": false,
      "stabilityMargin": -0.015929904502775205,
      "fibonacciRatio": -1.385975948286365,
      "fibonacciProximity": 79.29001016817038,
      "fibonacciClass": "Near-Fibonacci"
    },
    {
      "gene": "MYH9",
      "cluster": "A",
      "acrophase": 16.5,
      "amplitude": 0.312,
      "beta1": 1.435929982579978,
      "beta2": -1.0377903832975193,
      "modulus": 1.018719972955041,
      "eigenperiodHours": 23.899675393461933,
      "isStable": false,
      "stabilityMargin": -0.01871997295504091,
      "fibonacciRatio": -1.383641634852496,
      "fibonacciProximity": 79.10513829066434,
      "fibonacciClass": "Near-Fibonacci"
    },
    {
      "gene": "SERPINA5",
      "cluster": "B",
      "acrophase": 3,
      "amplitude": 0.221,
      "beta1": 1.4320925285041852,
      "beta2": -1.0351037602387123,
      "modulus": 1.017400491565987,
      "eigenperiodHours": 23.85826242798589,
      "isStable": false,
      "stabilityMargin": -0.01740049156598711,
      "fibonacciRatio": -1.3835255783187577,
      "fibonacciProximity": 79.09595815523109,
      "fibonacciClass": "Near-Fibonacci"
    },
    {
      "gene": "TPM4",
      "cluster": "A",
      "acrophase": 16.6,
      "amplitude": 0.324,
      "beta1": 1.431231020011431,
      "beta2": -1.0365784059641499,
      "modulus": 1.018124946145683,
      "eigenperiodHours": 23.819079501559127,
      "isStable": false,
      "stabilityMargin": -0.01812494614568294,
      "fibonacciRatio": -1.380726254547242,
      "fibonacciProximity": 78.87485257677311,
      "fibonacciClass": "Near-Fibonacci"
    },
    {
      "gene": "PRDX6",
      "cluster": "A",
      "acrophase": 17,
      "amplitude": 0.208,
      "beta1": 1.4666984249381159,
      "beta2": -1.063212480129522,
      "modulus": 1.031121952113096,
      "eigenperiodHours": 24.179380096301415,
      "isStable": false,
      "stabilityMargin": -0.031121952113096096,
      "fibonacciRatio": -1.3794969983417056,
      "fibonacciProximity": 78.77795474311561,
      "fibonacciClass": "Near-Fibonacci"
    },
    {
      "gene": "TXN",
      "cluster": "A",
      "acrophase": 17.2,
      "amplitude": 0.147,
      "beta1": 1.406720688579071,
      "beta2": -1.0221305936083809,
      "modulus": 1.0110047446023094,
      "eigenperiodHours": 23.52088844741829,
      "isStable": false,
      "stabilityMargin": -0.01100474460230938,
      "fibonacciRatio": -1.3762631677161619,
      "fibonacciProximity": 78.52361165333896,
      "fibonacciClass": "Near-Fibonacci"
    },
    {
      "gene": "CCL14",
      "cluster": "B",
      "acrophase": 2.6,
      "amplitude": 0.132,
      "beta1": 1.429995289278338,
      "beta2": -1.0394059035447754,
      "modulus": 1.0195125813567851,
      "eigenperiodHours": 23.753208641696038,
      "isStable": false,
      "stabilityMargin": -0.01951258135678513,
      "fibonacciRatio": -1.3757813808845054,
      "fibonacciProximity": 78.48578912320036,
      "fibonacciClass": "Near-Fibonacci"
    },
    {
      "gene": "HSP90AA1",
      "cluster": "A",
      "acrophase": 18.6,
      "amplitude": 0.192,
      "beta1": 1.4365385510984936,
      "beta2": -1.0450928171541989,
      "modulus": 1.0222978123590987,
      "eigenperiodHours": 23.80752907196238,
      "isStable": false,
      "stabilityMargin": -0.022297812359098668,
      "fibonacciRatio": -1.3745559509347758,
      "fibonacciProximity": 78.38966919272985,
      "fibonacciClass": "Near-Fibonacci"
    },
    {
      "gene": "CDH1",
      "cluster": "A",
      "acrophase": 10.5,
      "amplitude": 0.114,
      "beta1": 1.4467707970664208,
      "beta2": -1.0532996354218653,
      "modulus": 1.0263038708988022,
      "eigenperiodHours": 23.902817839331714,
      "isStable": false,
      "stabilityMargin": -0.02630387089880215,
      "fibonacciRatio": -1.3735605220132476,
      "fibonacciProximity": 78.31167667331123,
      "fibonacciClass": "Near-Fibonacci"
    },
    {
      "gene": "CORO1C",
      "cluster": "A",
      "acrophase": 15.6,
      "amplitude": 0.178,
      "beta1": 1.4402353649462611,
      "beta2": -1.0502016725039027,
      "modulus": 1.0247934779768568,
      "eigenperiodHours": 23.81144503941288,
      "isStable": false,
      "stabilityMargin": -0.024793477976856826,
      "fibonacciRatio": -1.3713893270731856,
      "fibonacciProximity": 78.14183120770032,
      "fibonacciClass": "Near-Fibonacci"
    },
    {
      "gene": "CALM1",
      "cluster": "A",
      "acrophase": 17.9,
      "amplitude": 0.259,
      "beta1": 1.4412030148280621,
      "beta2": -1.0509337191227672,
      "modulus": 1.0251505836328472,
      "eigenperiodHours": 23.821054634410487,
      "isStable": false,
      "stabilityMargin": -0.025150583632847168,
      "fibonacciRatio": -1.3713548139182932,
      "fibonacciProximity": 78.13913433311535,
      "fibonacciClass": "Near-Fibonacci"
    },
    {
      "gene": "CORO1A",
      "cluster": "A",
      "acrophase": 16.9,
      "amplitude": 0.183,
      "beta1": 1.4457837401291158,
      "beta2": -1.0568717078723182,
      "modulus": 1.028042658585877,
      "eigenperiodHours": 23.83166065455697,
      "isStable": false,
      "stabilityMargin": -0.028042658585877067,
      "fibonacciRatio": -1.3679841454359212,
      "fibonacciProximity": 77.87619660268443,
      "fibonacciClass": "Near-Fibonacci"
    },
    {
      "gene": "MSN",
      "cluster": "A",
      "acrophase": 17,
      "amplitude": 0.198,
      "beta1": 1.4600470732813733,
      "beta2": -1.0695375079138785,
      "modulus": 1.0341844651288659,
      "eigenperiodHours": 23.9477037581729,
      "isStable": false,
      "stabilityMargin": -0.03418446512886586,
      "fibonacciRatio": -1.3651200284964102,
      "fibonacciProximity": 77.65346917975826,
      "fibonacciClass": "Near-Fibonacci"
    },
    {
      "gene": "GSTO1",
      "cluster": "A",
      "acrophase": 16.9,
      "amplitude": 0.127,
      "beta1": 1.4500811267299127,
      "beta2": -1.0637964450127129,
      "modulus": 1.0314050828906716,
      "eigenperiodHours": 23.822804036159887,
      "isStable": false,
      "stabilityMargin": -0.031405082890671565,
      "fibonacciRatio": -1.3631189815760134,
      "fibonacciProximity": 77.4982363103241,
      "fibonacciClass": "Near-Fibonacci"
    },
    {
      "gene": "AMBP",
      "cluster": "B",
      "acrophase": 1.5,
      "amplitude": 0.056,
      "beta1": 1.2347558369895069,
      "beta2": -0.9092471933938668,
      "modulus": 0.9535445419034533,
      "eigenperiodHours": 21.752288463223984,
      "isStable": true,
      "stabilityMargin": 0.04645545809654672,
      "fibonacciRatio": -1.3579979635467916,
      "fibonacciProximity": 77.10238090139198,
      "fibonacciClass": "Near-Fibonacci"
    },
    {
      "gene": "CPN2",
      "cluster": "A",
      "acrophase": 18.5,
      "amplitude": 0.03,
      "beta1": 1.140933257764118,
      "beta2": -0.841015117551251,
      "modulus": 0.91706876380741,
      "eigenperiodHours": 20.95716449979209,
      "isStable": true,
      "stabilityMargin": 0.08293123619259002,
      "fibonacciRatio": -1.356614445987756,
      "fibonacciProximity": 76.99578216118945,
      "fibonacciClass": "Near-Fibonacci"
    },
    {
      "gene": "APOC3",
      "cluster": "B",
      "acrophase": 17,
      "amplitude": 0.169,
      "beta1": 1.4506696373074703,
      "beta2": -1.0722561774739745,
      "modulus": 1.0354980335442334,
      "eigenperiodHours": 23.717855779240548,
      "isStable": false,
      "stabilityMargin": -0.03549803354423342,
      "fibonacciRatio": -1.3529132942138546,
      "fibonacciProximity": 76.71133579974614,
      "fibonacciClass": "Near-Fibonacci"
    },
    {
      "gene": "IGLV3-25",
      "cluster": "B",
      "acrophase": 2.9,
      "amplitude": 0.08,
      "beta1": 1.504035188592752,
      "beta2": -1.111804996620549,
      "modulus": 1.054421640815736,
      "eigenperiodHours": 24.267586530324486,
      "isStable": false,
      "stabilityMargin": -0.05442164081573608,
      "fibonacciRatio": -1.352786858454881,
      "fibonacciProximity": 76.70163735691033,
      "fibonacciClass": "Near-Fibonacci"
    },
    {
      "gene": "APOA4",
      "cluster": "B",
      "acrophase": 0.2,
      "amplitude": 0.09,
      "beta1": 1.387834048169566,
      "beta2": -1.026459674343073,
      "modulus": 1.0131434618764872,
      "eigenperiodHours": 23.091188620563628,
      "isStable": false,
      "stabilityMargin": -0.013143461876487184,
      "fibonacciRatio": -1.3520590071478162,
      "fibonacciProximity": 76.64583028199603,
      "fibonacciClass": "Near-Fibonacci"
    },
    {
      "gene": "SERPINC1",
      "cluster": "B",
      "acrophase": 2.2,
      "amplitude": 0.037,
      "beta1": 1.3915892044210523,
      "beta2": -1.029848669272269,
      "modulus": 1.0148145984721884,
      "eigenperiodHours": 23.119277309391215,
      "isStable": false,
      "stabilityMargin": -0.014814598472188356,
      "fibonacciRatio": -1.3512560106567921,
      "fibonacciProximity": 76.5843086533597,
      "fibonacciClass": "Near-Fibonacci"
    },
    {
      "gene": "F11",
      "cluster": "A",
      "acrophase": 7.5,
      "amplitude": 0.023,
      "beta1": 1.0561202991120808,
      "beta2": -0.557918414332562,
      "modulus": 0.7469393645621858,
      "eigenperiodHours": 23.99388442572109,
      "isStable": true,
      "stabilityMargin": 0.2530606354378142,
      "fibonacciRatio": -1.8929654802226201,
      "fibonacciProximity": 75.96241621750252,
      "fibonacciClass": "Near-Fibonacci"
    },
    {
      "gene": "IGKV2-28",
      "cluster": "B",
      "acrophase": 4,
      "amplitude": 0.084,
      "beta1": 1.471424105067058,
      "beta2": -1.096264900724691,
      "modulus": 1.0470266953257166,
      "eigenperiodHours": 23.81028183533968,
      "isStable": false,
      "stabilityMargin": -0.04702669532571657,
      "fibonacciRatio": -1.3422158313144628,
      "fibonacciProximity": 75.89509277970855,
      "fibonacciClass": "Near-Fibonacci"
    },
    {
      "gene": "SERPINA6",
      "cluster": "B",
      "acrophase": 2.2,
      "amplitude": 0.03,
      "beta1": 1.3206588714883765,
      "beta2": -0.9863375436634669,
      "modulus": 0.993145278226437,
      "eigenperiodHours": 22.348061524630285,
      "isStable": true,
      "stabilityMargin": 0.006854721773563055,
      "fibonacciRatio": -1.3389522481149498,
      "fibonacciProximity": 75.6478065690351,
      "fibonacciClass": "Near-Fibonacci"
    },
    {
      "gene": "IGLL5",
      "cluster": "B",
      "acrophase": 0.3,
      "amplitude": 0.06,
      "beta1": 1.1738792868138717,
      "beta2": -0.8772417348521913,
      "modulus": 0.9366118378774588,
      "eigenperiodHours": 21.09553193194551,
      "isStable": true,
      "stabilityMargin": 0.06338816212254117,
      "fibonacciRatio": -1.3381480157366905,
      "fibonacciProximity": 75.58699261120277,
      "fibonacciClass": "Near-Fibonacci"
    },
    {
      "gene": "SERPINA10",
      "cluster": "B",
      "acrophase": 6.5,
      "amplitude": 0.055,
      "beta1": 1.4306411710269913,
      "beta2": -1.0704529320514666,
      "modulus": 1.0346269530857326,
      "eigenperiodHours": 23.34603243049179,
      "isStable": false,
      "stabilityMargin": -0.034626953085732604,
      "fibonacciRatio": -1.3364820892080167,
      "fibonacciProximity": 75.46117506548127,
      "fibonacciClass": "Near-Fibonacci"
    },
    {
      "gene": "IGF1",
      "cluster": "B",
      "acrophase": 6.3,
      "amplitude": 0.059,
      "beta1": 1.4024496314897306,
      "beta2": -1.072731359360887,
      "modulus": 1.0357274541890287,
      "eigenperiodHours": 22.790801512964435,
      "isStable": false,
      "stabilityMargin": -0.03572745418902867,
      "fibonacciRatio": -1.3073633200443433,
      "fibonacciProximity": 73.29552212176395,
      "fibonacciClass": "Near-Fibonacci"
    },
    {
      "gene": "MASP1",
      "cluster": "A",
      "acrophase": 8.3,
      "amplitude": 0.034,
      "beta1": 1.2506187652306835,
      "beta2": -0.9620422652169509,
      "modulus": 0.9808375325286808,
      "eigenperiodHours": 21.4317957460067,
      "isStable": true,
      "stabilityMargin": 0.019162467471319222,
      "fibonacciRatio": -1.2999623929710151,
      "fibonacciProximity": 72.7550696991029,
      "fibonacciClass": "Near-Fibonacci"
    },
    {
      "gene": "NRP1",
      "cluster": "A",
      "acrophase": 10.5,
      "amplitude": 0.084,
      "beta1": 1.2925013775559364,
      "beta2": -0.9993794427981015,
      "modulus": 0.9996896732477042,
      "eigenperiodHours": 21.719271972884982,
      "isStable": true,
      "stabilityMargin": 0.00031032675229580864,
      "fibonacciRatio": -1.293303946634264,
      "fibonacciProximity": 72.27224319281362,
      "fibonacciClass": "Near-Fibonacci"
    },
    {
      "gene": "RNASE4",
      "cluster": "B",
      "acrophase": 7.4,
      "amplitude": 0.1,
      "beta1": 1.4121207907299436,
      "beta2": -1.0928245420032,
      "modulus": 1.0453824859845318,
      "eigenperiodHours": 22.730091930802462,
      "isStable": false,
      "stabilityMargin": -0.04538248598453176,
      "fibonacciRatio": -1.2921752179370518,
      "fibonacciProximity": 72.19071345904102,
      "fibonacciClass": "Near-Fibonacci"
    },
    {
      "gene": "PI16",
      "cluster": "A",
      "acrophase": 11.5,
      "amplitude": 0.079,
      "beta1": 1.2253225188849228,
      "beta2": -0.9483032919399648,
      "modulus": 0.9738086526314935,
      "eigenperiodHours": 21.170927765536803,
      "isStable": true,
      "stabilityMargin": 0.02619134736850648,
      "fibonacciRatio": -1.2921209166934913,
      "fibonacciProximity": 72.18679351995641,
      "fibonacciClass": "Near-Fibonacci"
    },
    {
      "gene": "F9",
      "cluster": "B",
      "acrophase": 1.8,
      "amplitude": 0.048,
      "beta1": 1.2540721867119373,
      "beta2": -0.9738958967641338,
      "modulus": 0.9868616401320571,
      "eigenperiodHours": 21.364338791652358,
      "isStable": true,
      "stabilityMargin": 0.013138359867942873,
      "fibonacciRatio": -1.2876860770013685,
      "fibonacciProximity": 71.86736549239188,
      "fibonacciClass": "Near-Fibonacci"
    },
    {
      "gene": "HGFAC",
      "cluster": "A",
      "acrophase": 19.7,
      "amplitude": 0.051,
      "beta1": 1.3337645457731924,
      "beta2": -1.0465852177464967,
      "modulus": 1.023027476535453,
      "eigenperiodHours": 21.89907146551684,
      "isStable": false,
      "stabilityMargin": -0.023027476535453006,
      "fibonacciRatio": -1.274396506999257,
      "fibonacciProximity": 70.9185974312595,
      "fibonacciClass": "Near-Fibonacci"
    },
    {
      "gene": "FCGBP",
      "cluster": "A",
      "acrophase": 7.7,
      "amplitude": 0.053,
      "beta1": 1.389038889435028,
      "beta2": -0.6924803952874754,
      "modulus": 0.8321540694411554,
      "eigenperiodHours": 32.31082310529239,
      "isStable": true,
      "stabilityMargin": 0.16784593055884456,
      "fibonacciRatio": -2.005889118143748,
      "fibonacciProximity": 67.85106323909211,
      "fibonacciClass": "Near-Fibonacci"
    },
    {
      "gene": "LGALS3BP",
      "cluster": "A",
      "acrophase": 8,
      "amplitude": 0.037,
      "beta1": 1.1998996385492546,
      "beta2": -0.9826089407920335,
      "modulus": 0.9912663319169241,
      "eigenperiodHours": 20.47230672690546,
      "isStable": true,
      "stabilityMargin": 0.008733668083075852,
      "fibonacciRatio": -1.2211364956460438,
      "fibonacciProximity": 67.24029480392508,
      "fibonacciClass": "Near-Fibonacci"
    },
    {
      "gene": "SLC3A2",
      "cluster": "A",
      "acrophase": 18.8,
      "amplitude": 0.071,
      "beta1": 1.3627731073285076,
      "beta2": -1.1404634958580573,
      "modulus": 1.0679248549678284,
      "eigenperiodHours": 21.44830218573361,
      "isStable": false,
      "stabilityMargin": -0.06792485496782841,
      "fibonacciRatio": -1.194929177722773,
      "fibonacciProximity": 65.50099772454331,
      "fibonacciClass": "Non-Fibonacci"
    },
    {
      "gene": "FGA",
      "cluster": "B",
      "acrophase": 4.5,
      "amplitude": 0.039,
      "beta1": 1.040258353848003,
      "beta2": -0.48466213031952066,
      "modulus": 0.696176795303837,
      "eigenperiodHours": 25.925211893899128,
      "isStable": true,
      "stabilityMargin": 0.303823204696163,
      "fibonacciRatio": -2.1463578207816596,
      "fibonacciProximity": 58.95923977909761,
      "fibonacciClass": "Non-Fibonacci"
    }
  ]
}