{
  "timestamp": "2026-01-12T11:25:54.386Z",
  "panels": {
    "windowTruncation": {
      "panel": "Window Truncation",
      "conditions": [
        {
          "window": 48,
          "n": 45053,
          "meanLambda": 0.9919075524268275,
          "stdLambda": 0.02371576447099606,
          "p25": 0.9889784694123703,
          "p50": 0.9992143146833034,
          "p75": 1.0014100511204276,
          "nearCriticalPct": 99.14323130535148,
          "stableBandPct": 0.14649412913679444
        },
        {
          "window": 24,
          "n": 45049,
          "meanLambda": 0.9903651584616728,
          "stdLambda": 0.028937728693217524,
          "p25": 0.9889509463181152,
          "p50": 0.9998290839088527,
          "p75": 1.0016246721816506,
          "nearCriticalPct": 98.34180558946925,
          "stableBandPct": 0.27303602743679106
        },
        {
          "window": 12,
          "n": 44998,
          "meanLambda": 0.990158717618901,
          "stdLambda": 0.040920349661540976,
          "p25": 0.9874502142270409,
          "p50": 0.9993298480241541,
          "p75": 1.0007290338165453,
          "nearCriticalPct": 96.93986399395529,
          "stableBandPct": 0.6289168407484778
        }
      ]
    },
    "downsampling": {
      "panel": "Downsampling",
      "conditions": [
        {
          "cadence": "1h",
          "step": 1,
          "effectiveTimepoints": 48,
          "n": 45073,
          "meanLambda": 0.9915490305606576,
          "stdLambda": 0.029208983207034883,
          "p10": 0.9755121353529852,
          "p25": 0.9889632076216983,
          "p50": 0.999209499004449,
          "p75": 1.00140954079057,
          "p90": 1.0027914587682831,
          "nearCriticalPct": 99.09923901226898,
          "stableBandPct": 0.14642912608435205,
          "lowLambdaPct": 0.07099593991968585
        },
        {
          "cadence": "2h",
          "step": 2,
          "effectiveTimepoints": 24,
          "n": 45075,
          "meanLambda": 0.9917825985535589,
          "stdLambda": 0.03469390617154337,
          "p10": 0.967824505411581,
          "p25": 0.9869929674668609,
          "p50": 1.001237902458457,
          "p75": 1.003473547701215,
          "p90": 1.0072035926486418,
          "nearCriticalPct": 98.81974486966168,
          "stableBandPct": 0.25734886300610094,
          "lowLambdaPct": 0.08208541320022185
        },
        {
          "cadence": "4h",
          "step": 4,
          "effectiveTimepoints": 12,
          "n": 44863,
          "meanLambda": 0.9917181212495707,
          "stdLambda": 0.054050791516920806,
          "p10": 0.942756613046025,
          "p25": 0.9829092368379837,
          "p50": 1.0045587562436789,
          "p75": 1.0093939511383352,
          "p90": 1.0193483842700133,
          "nearCriticalPct": 95.07834964224416,
          "stableBandPct": 0.8358781178253795,
          "lowLambdaPct": 0.08693132425383947
        },
        {
          "cadence": "6h",
          "step": 6,
          "effectiveTimepoints": 8,
          "n": 44103,
          "meanLambda": 1.006611301873049,
          "stdLambda": 0.07513432413299757,
          "p10": 0.9556547644189949,
          "p25": 0.9915128934420361,
          "p50": 1.0041581253270915,
          "p75": 1.011508653672103,
          "p90": 1.0433688517405708,
          "nearCriticalPct": 91.13892478969686,
          "stableBandPct": 0.818538421422579,
          "lowLambdaPct": 0.08162710019726549
        }
      ]
    },
    "pcRegression": {
      "panel": "PC Regression",
      "conditions": [
        {
          "condition": "Raw",
          "n": 45053,
          "meanLambda": 0.9919075524268275,
          "stdLambda": 0.02371576447099606,
          "p25": 0.9889784694123703,
          "p50": 0.9992143146833034,
          "p75": 1.0014100511204276,
          "nearCriticalPct": 99.14323130535148,
          "stableBandPct": 0.14649412913679444
        },
        {
          "condition": "Residual (PC1 regressed)",
          "n": 44475,
          "meanLambda": 0.4402236318568366,
          "stdLambda": 0.1698397292345563,
          "p25": 0.30791578409475345,
          "p50": 0.4319101085708298,
          "p75": 0.5703839854252954,
          "nearCriticalPct": 0.0809443507588533,
          "stableBandPct": 35.86958965711074
        }
      ]
    }
  }
}