[
  {
    "name": "WT Organoid",
    "scenario": "healthy",
    "description": "Wild-type intestinal organoid",
    "genes": [
      {
        "gene": "Wee1",
        "beta1": 0.15977416572311398,
        "beta2": -0.014593004862319958,
        "lambda1_real": 0.07988708286155699,
        "lambda1_imag": 0.09061489311471203,
        "lambda2_real": 0.07988708286155699,
        "lambda2_imag": -0.09061489311471203,
        "modulus": 0.1208015101822819,
        "eigenperiodHours": 29.629479608614695,
        "isStable": true,
        "stabilityMargin": 0.8791984898177181,
        "halfLife": 0.3279452363374687
      },
      {
        "gene": "Lgr5",
        "beta1": 0.3381882423818148,
        "beta2": 0.05464311670762356,
        "lambda1_real": 0.4576005137179168,
        "lambda1_imag": 0,
        "lambda2_real": -0.11941227133610205,
        "lambda2_imag": 0,
        "modulus": 0.4576005137179168,
        "eigenperiodHours": null,
        "isStable": true,
        "stabilityMargin": 0.5423994862820831,
        "halfLife": 0.8866510422251868
      },
      {
        "gene": "Myc",
        "beta1": 0.27741430024113356,
        "beta2": -0.17518576079817194,
        "lambda1_real": 0.13870715012056678,
        "lambda1_imag": 0.39490009787742836,
        "lambda2_real": 0.13870715012056678,
        "lambda2_imag": -0.39490009787742836,
        "modulus": 0.4185519809989817,
        "eigenperiodHours": 20.38321294450228,
        "isStable": true,
        "stabilityMargin": 0.5814480190010183,
        "halfLife": 0.7958480358754464
      },
      {
        "gene": "Tp53",
        "beta1": -0.11185341633134982,
        "beta2": 0.2765201406270421,
        "lambda1_real": 0.4728907814404185,
        "lambda1_imag": 0,
        "lambda2_real": -0.5847441977717683,
        "lambda2_imag": 0,
        "modulus": 0.5847441977717683,
        "eigenperiodHours": null,
        "isStable": true,
        "stabilityMargin": 0.41525580222823166,
        "halfLife": 1.2917852922393585
      },
      {
        "gene": "Ccnd1",
        "beta1": -0.16608158545452412,
        "beta2": 0.3561169053256208,
        "lambda1_real": 0.5194645421722663,
        "lambda1_imag": 0,
        "lambda2_real": -0.6855461276267905,
        "lambda2_imag": 0,
        "modulus": 0.6855461276267905,
        "eigenperiodHours": null,
        "isStable": true,
        "stabilityMargin": 0.31445387237320954,
        "halfLife": 1.8359594047480527
      },
      {
        "gene": "Axin2",
        "beta1": -0.16749658815274415,
        "beta2": 0.15371502453060515,
        "lambda1_real": 0.31716167248882526,
        "lambda1_imag": 0,
        "lambda2_real": -0.4846582606415694,
        "lambda2_imag": 0,
        "modulus": 0.4846582606415694,
        "eigenperiodHours": null,
        "isStable": true,
        "stabilityMargin": 0.5153417393584305,
        "halfLife": 0.9569741973199272
      },
      {
        "gene": "Bax",
        "beta1": -0.255041722344469,
        "beta2": 0.1480000330251272,
        "lambda1_real": 0.2777711361077951,
        "lambda1_imag": 0,
        "lambda2_real": -0.532812858452264,
        "lambda2_imag": 0,
        "modulus": 0.532812858452264,
        "eigenperiodHours": null,
        "isStable": true,
        "stabilityMargin": 0.467187141547736,
        "halfLife": 1.1009588087195923
      },
      {
        "gene": "Hif1a",
        "beta1": 0.4709925720512267,
        "beta2": -0.16275458773004914,
        "lambda1_real": 0.23549628602561334,
        "lambda1_imag": 0.32756081419820604,
        "lambda2_real": 0.23549628602561334,
        "lambda2_imag": -0.32756081419820604,
        "modulus": 0.40342854104543613,
        "eigenperiodHours": 26.526095956867866,
        "isStable": true,
        "stabilityMargin": 0.5965714589545639,
        "halfLife": 0.7635832242380778
      }
    ],
    "avgModulus": 0.4610179988046261,
    "avgEigenperiod": 25.51292950332828
  },
  {
    "name": "Mouse Liver",
    "scenario": "healthy",
    "description": "Mouse liver circadian",
    "genes": [
      {
        "gene": "Wee1",
        "beta1": 1.0221035266590555,
        "beta2": -0.3757892247822259,
        "lambda1_real": 0.5110517633295277,
        "lambda1_imag": 0.33854884430463833,
        "lambda2_real": 0.5110517633295277,
        "lambda2_imag": -0.33854884430463833,
        "modulus": 0.6130164963377625,
        "eigenperiodHours": 42.95598620398999,
        "isStable": true,
        "stabilityMargin": 0.38698350366223755,
        "halfLife": 1.4164261863744136
      },
      {
        "gene": "Lgr5",
        "beta1": -0.07362734044245967,
        "beta2": 0.2842803315329725,
        "lambda1_real": 0.4976351840652491,
        "lambda1_imag": 0,
        "lambda2_real": -0.5712625245077088,
        "lambda2_imag": 0,
        "modulus": 0.5712625245077088,
        "eigenperiodHours": null,
        "isStable": true,
        "stabilityMargin": 0.42873747549229124,
        "halfLife": 1.2379697130895233
      },
      {
        "gene": "Myc",
        "beta1": -0.3250129780507989,
        "beta2": 0.040798539275097356,
        "lambda1_real": 0.09673644385891206,
        "lambda1_imag": 0,
        "lambda2_real": -0.42174942190971093,
        "lambda2_imag": 0,
        "modulus": 0.42174942190971093,
        "eigenperiodHours": null,
        "isStable": true,
        "stabilityMargin": 0.5782505780902891,
        "halfLife": 0.8028633292921562
      },
      {
        "gene": "Ccnd1",
        "beta1": 0.2082274670245674,
        "beta2": 0.2226053906467591,
        "lambda1_real": 0.5872752594563782,
        "lambda1_imag": 0,
        "lambda2_real": -0.3790477924318108,
        "lambda2_imag": 0,
        "modulus": 0.5872752594563782,
        "eigenperiodHours": null,
        "isStable": true,
        "stabilityMargin": 0.41272474054362185,
        "halfLife": 1.3022677650293526
      },
      {
        "gene": "Axin2",
        "beta1": 0.26000429446792594,
        "beta2": -0.02897035283609739,
        "lambda1_real": 0.13000214723396297,
        "lambda1_imag": 0.10986261671131088,
        "lambda2_real": 0.13000214723396297,
        "lambda2_imag": -0.10986261671131088,
        "modulus": 0.17020679433000727,
        "eigenperiodHours": 35.82037211251796,
        "isStable": true,
        "stabilityMargin": 0.8297932056699927,
        "halfLife": 0.3914446687622857
      },
      {
        "gene": "Bax",
        "beta1": -0.4597765062945953,
        "beta2": -0.027906099654899208,
        "lambda1_real": -0.07195627639712587,
        "lambda1_imag": 0,
        "lambda2_real": -0.38782022989746945,
        "lambda2_imag": 0,
        "modulus": 0.38782022989746945,
        "eigenperiodHours": null,
        "isStable": true,
        "stabilityMargin": 0.6121797701025306,
        "halfLife": 0.7317751218939753
      },
      {
        "gene": "Hif1a",
        "beta1": 0.02043160421271395,
        "beta2": 0.2136897744354087,
        "lambda1_real": 0.47259458302962226,
        "lambda1_imag": 0,
        "lambda2_real": -0.4521629788169083,
        "lambda2_imag": 0,
        "modulus": 0.47259458302962226,
        "eigenperiodHours": null,
        "isStable": true,
        "stabilityMargin": 0.5274054169703777,
        "halfLife": 0.9247913423024076
      }
    ],
    "avgModulus": 0.46056075849552275,
    "avgEigenperiod": 39.388179158253976
  },
  {
    "name": "Mouse Kidney",
    "scenario": "healthy",
    "description": "Mouse kidney circadian",
    "genes": [
      {
        "gene": "Wee1",
        "beta1": 1.1119193228222422,
        "beta2": -0.40196342806271446,
        "lambda1_real": 0.5559596614111211,
        "lambda1_imag": 0.304749541339025,
        "lambda2_real": 0.5559596614111211,
        "lambda2_imag": -0.304749541339025,
        "modulus": 0.6340058580665595,
        "eigenperiodHours": 50.12292225974565,
        "isStable": true,
        "stabilityMargin": 0.3659941419334405,
        "halfLife": 1.5210700348523363
      },
      {
        "gene": "Lgr5",
        "beta1": 0.12192582233201676,
        "beta2": 0.3500222857131803,
        "lambda1_real": 0.6557223266030529,
        "lambda1_imag": 0,
        "lambda2_real": -0.5337965042710361,
        "lambda2_imag": 0,
        "modulus": 0.6557223266030529,
        "eigenperiodHours": null,
        "isStable": true,
        "stabilityMargin": 0.34427767339694715,
        "halfLife": 1.6424593424558727
      },
      {
        "gene": "Myc",
        "beta1": 0.09394687995764661,
        "beta2": 0.4283305496308678,
        "lambda1_real": 0.7031266642293119,
        "lambda1_imag": 0,
        "lambda2_real": -0.6091797842716653,
        "lambda2_imag": 0,
        "modulus": 0.7031266642293119,
        "eigenperiodHours": null,
        "isStable": true,
        "stabilityMargin": 0.2968733357706881,
        "halfLife": 1.9679480732082244
      },
      {
        "gene": "Ccnd1",
        "beta1": 0.7856639838402941,
        "beta2": -0.2754835790276786,
        "lambda1_real": 0.39283199192014706,
        "lambda1_imag": 0.34808993830866203,
        "lambda2_real": 0.39283199192014706,
        "lambda2_imag": -0.34808993830866203,
        "modulus": 0.5248652960786021,
        "eigenperiodHours": 34.66181466321084,
        "isStable": true,
        "stabilityMargin": 0.4751347039213979,
        "halfLife": 1.0752909188163986
      },
      {
        "gene": "Axin2",
        "beta1": 0.17331045463011563,
        "beta2": -0.182230934082952,
        "lambda1_real": 0.08665522731505781,
        "lambda1_imag": 0.41799737518545216,
        "lambda2_real": 0.08665522731505781,
        "lambda2_imag": -0.41799737518545216,
        "modulus": 0.4268851532707035,
        "eigenperiodHours": 18.39364913240299,
        "isStable": true,
        "stabilityMargin": 0.5731148467292966,
        "halfLife": 0.8142791289557583
      },
      {
        "gene": "Bax",
        "beta1": 0.5204098343868111,
        "beta2": 0.10364162618770933,
        "lambda1_real": 0.6741472140408482,
        "lambda1_imag": 0,
        "lambda2_real": -0.15373737965403717,
        "lambda2_imag": 0,
        "modulus": 0.6741472140408482,
        "eigenperiodHours": null,
        "isStable": true,
        "stabilityMargin": 0.3258527859591518,
        "halfLife": 1.75788808920305
      },
      {
        "gene": "Hif1a",
        "beta1": 0.7167646058947525,
        "beta2": -0.15231963422309036,
        "lambda1_real": 0.3583823029473763,
        "lambda1_imag": 0.15453724197495364,
        "lambda2_real": 0.3583823029473763,
        "lambda2_imag": -0.15453724197495364,
        "modulus": 0.390281480758555,
        "eigenperiodHours": 61.733470761903064,
        "isStable": true,
        "stabilityMargin": 0.6097185192414449,
        "halfLife": 0.7366954164470061
      }
    ],
    "avgModulus": 0.5727191418639476,
    "avgEigenperiod": 41.22796420431564
  },
  {
    "name": "BMAL1-KO Organoid",
    "scenario": "pre-malignant",
    "description": "BMAL1 knockout organoid",
    "genes": [
      {
        "gene": "Wee1",
        "beta1": 0.157086147932894,
        "beta2": 0.2770199648421112,
        "lambda1_real": 0.6106981071195781,
        "lambda1_imag": 0,
        "lambda2_real": -0.45361195918668407,
        "lambda2_imag": 0,
        "modulus": 0.6106981071195781,
        "eigenperiodHours": null,
        "isStable": true,
        "stabilityMargin": 0.38930189288042194,
        "halfLife": 1.4055431671756382
      },
      {
        "gene": "Lgr5",
        "beta1": 0.17904271973404784,
        "beta2": 0.043865019864625765,
        "lambda1_real": 0.31729118608873175,
        "lambda1_imag": 0,
        "lambda2_real": -0.13824846635468388,
        "lambda2_imag": 0,
        "modulus": 0.31729118608873175,
        "eigenperiodHours": null,
        "isStable": true,
        "stabilityMargin": 0.6827088139112683,
        "halfLife": 0.603820742475366
      },
      {
        "gene": "Myc",
        "beta1": 0.06402907338724617,
        "beta2": -0.32940803445063693,
        "lambda1_real": 0.032014536693623086,
        "lambda1_imag": 0.5730472091293436,
        "lambda2_real": 0.032014536693623086,
        "lambda2_imag": -0.5730472091293436,
        "modulus": 0.5739407935062962,
        "eigenperiodHours": 16.589408820041974,
        "isStable": true,
        "stabilityMargin": 0.42605920649370377,
        "halfLife": 1.2483986546741217
      },
      {
        "gene": "Tp53",
        "beta1": -0.0032202840210686645,
        "beta2": -0.4207273698813765,
        "lambda1_real": -0.0016101420105343323,
        "lambda1_imag": 0.6486330066563699,
        "lambda2_real": -0.0016101420105343323,
        "lambda2_imag": -0.6486330066563699,
        "modulus": 0.6486350051310649,
        "eigenperiodHours": 15.974754814343598,
        "isStable": true,
        "stabilityMargin": 0.35136499486893513,
        "halfLife": 1.6012266407459093
      },
      {
        "gene": "Ccnd1",
        "beta1": -0.15336207977887817,
        "beta2": -0.5261288598300524,
        "lambda1_real": -0.07668103988943908,
        "lambda1_imag": 0.7212828002604295,
        "lambda2_real": -0.07668103988943908,
        "lambda2_imag": -0.7212828002604295,
        "modulus": 0.7253474063026987,
        "eigenperiodHours": 14.989314352147083,
        "isStable": true,
        "stabilityMargin": 0.27465259369730133,
        "halfLife": 2.158633889623343
      },
      {
        "gene": "Axin2",
        "beta1": 0.08859681967211674,
        "beta2": -0.08735604771381134,
        "lambda1_real": 0.04429840983605837,
        "lambda1_imag": 0.2922220022513841,
        "lambda2_real": 0.04429840983605837,
        "lambda2_imag": -0.2922220022513841,
        "modulus": 0.2955605652210919,
        "eigenperiodHours": 17.694750454418024,
        "isStable": true,
        "stabilityMargin": 0.704439434778908,
        "halfLife": 0.5686747874119116
      },
      {
        "gene": "Bax",
        "beta1": 0.14086103380027737,
        "beta2": 0.059334679081104014,
        "lambda1_real": 0.32399537407069523,
        "lambda1_imag": 0,
        "lambda2_real": -0.18313434027041786,
        "lambda2_imag": 0,
        "modulus": 0.32399537407069523,
        "eigenperiodHours": null,
        "isStable": true,
        "stabilityMargin": 0.6760046259293048,
        "halfLife": 0.6150232163547583
      },
      {
        "gene": "Hif1a",
        "beta1": 0.05895640982900607,
        "beta2": -0.06533475456068061,
        "lambda1_real": 0.029478204914503037,
        "lambda1_imag": 0.25390114217092286,
        "lambda2_real": 0.029478204914503037,
        "lambda2_imag": -0.25390114217092286,
        "modulus": 0.2556066402906635,
        "eigenperiodHours": 17.27083696363343,
        "isStable": true,
        "stabilityMargin": 0.7443933597093365,
        "halfLife": 0.5081293637782653
      }
    ],
    "avgModulus": 0.4688843847163525,
    "avgEigenperiod": 16.50381308091682
  },
  {
    "name": "MYC-OFF Neuroblastoma",
    "scenario": "pre-malignant",
    "description": "MYC-OFF neuroblastoma",
    "genes": [
      {
        "gene": "Wee1",
        "beta1": 0.6282765223186004,
        "beta2": 0.023083229623907187,
        "lambda1_real": 0.6630882242601664,
        "lambda1_imag": 0,
        "lambda2_real": -0.03481170194156602,
        "lambda2_imag": 0,
        "modulus": 0.6630882242601664,
        "eigenperiodHours": null,
        "isStable": true,
        "stabilityMargin": 0.33691177573983355,
        "halfLife": 1.6871165995211632
      },
      {
        "gene": "Lgr5",
        "beta1": -0.11469437533041871,
        "beta2": -0.06162711667119036,
        "lambda1_real": -0.057347187665209354,
        "lambda1_imag": 0.24153346918818855,
        "lambda2_real": -0.057347187665209354,
        "lambda2_imag": -0.24153346918818855,
        "modulus": 0.24824809500012354,
        "eigenperiodHours": 13.932374008742443,
        "isStable": true,
        "stabilityMargin": 0.7517519049998764,
        "halfLife": 0.4974764393249342
      },
      {
        "gene": "Myc",
        "beta1": -0.01796128821648324,
        "beta2": 0.03286046478348936,
        "lambda1_real": 0.17251623396983515,
        "lambda1_imag": 0,
        "lambda2_real": -0.1904775221863184,
        "lambda2_imag": 0,
        "modulus": 0.1904775221863184,
        "eigenperiodHours": null,
        "isStable": true,
        "stabilityMargin": 0.8095224778136816,
        "halfLife": 0.41800649308311466
      },
      {
        "gene": "Tp53",
        "beta1": 0.4510069890126758,
        "beta2": 0.1356512318228198,
        "lambda1_real": 0.657363492488774,
        "lambda1_imag": 0,
        "lambda2_real": -0.20635650347609824,
        "lambda2_imag": 0,
        "modulus": 0.657363492488774,
        "eigenperiodHours": null,
        "isStable": true,
        "stabilityMargin": 0.342636507511226,
        "halfLife": 1.6522459790488246
      },
      {
        "gene": "Ccnd1",
        "beta1": 0.207594392877958,
        "beta2": -0.05919834534324764,
        "lambda1_real": 0.103797196438979,
        "lambda1_imag": 0.22005564604130393,
        "lambda2_real": 0.103797196438979,
        "lambda2_imag": -0.22005564604130393,
        "modulus": 0.2433071008894883,
        "eigenperiodHours": 22.240275919100736,
        "isStable": true,
        "stabilityMargin": 0.7566928991105117,
        "halfLife": 0.49040049151310144
      },
      {
        "gene": "Axin2",
        "beta1": 0.6205816150248245,
        "beta2": 0.3861215700761207,
        "lambda1_real": 1.004842429282044,
        "lambda1_imag": 0,
        "lambda2_real": -0.3842608142572195,
        "lambda2_imag": 0,
        "modulus": 1.004842429282044,
        "eigenperiodHours": null,
        "isStable": false,
        "stabilityMargin": -0.004842429282043925,
        "halfLife": null
      },
      {
        "gene": "Bax",
        "beta1": 0.10657457680868365,
        "beta2": -0.06785015408212303,
        "lambda1_real": 0.053287288404341826,
        "lambda1_imag": 0.25497180035571687,
        "lambda2_real": 0.053287288404341826,
        "lambda2_imag": -0.25497180035571687,
        "modulus": 0.26048062131783056,
        "eigenperiodHours": 18.415382179513166,
        "isStable": true,
        "stabilityMargin": 0.7395193786821694,
        "halfLife": 0.5152641732594779
      },
      {
        "gene": "Hif1a",
        "beta1": 0.4812520893936494,
        "beta2": 0.32985158541896453,
        "lambda1_real": 0.86332378743033,
        "lambda1_imag": 0,
        "lambda2_real": -0.3820716980366806,
        "lambda2_imag": 0,
        "modulus": 0.86332378743033,
        "eigenperiodHours": null,
        "isStable": true,
        "stabilityMargin": 0.13667621256967,
        "halfLife": 4.71639481255121
      }
    ],
    "avgModulus": 0.5163914091068844,
    "avgEigenperiod": 18.196010702452114
  },
  {
    "name": "APC-KO Organoid",
    "scenario": "malignant",
    "description": "APC knockout organoid",
    "genes": [
      {
        "gene": "Wee1",
        "beta1": -0.36513064116808636,
        "beta2": 0.2875612244759793,
        "lambda1_real": 0.38390738021974113,
        "lambda1_imag": 0,
        "lambda2_real": -0.7490380213878275,
        "lambda2_imag": 0,
        "modulus": 0.7490380213878275,
        "eigenperiodHours": null,
        "isStable": true,
        "stabilityMargin": 0.2509619786121725,
        "halfLife": 2.398719221767407
      },
      {
        "gene": "Lgr5",
        "beta1": -0.20969272278820605,
        "beta2": 0.7195571766263655,
        "lambda1_real": 0.7498757783237988,
        "lambda1_imag": 0,
        "lambda2_real": -0.9595685011120048,
        "lambda2_imag": 0,
        "modulus": 0.9595685011120048,
        "eigenperiodHours": null,
        "isStable": true,
        "stabilityMargin": 0.04043149888799524,
        "halfLife": 16.794784412942224
      },
      {
        "gene": "Myc",
        "beta1": -0.41187489891961704,
        "beta2": 0.28855227246533843,
        "lambda1_real": 0.36935595877232963,
        "lambda1_imag": 0,
        "lambda2_real": -0.7812308576919467,
        "lambda2_imag": 0,
        "modulus": 0.7812308576919467,
        "eigenperiodHours": null,
        "isStable": true,
        "stabilityMargin": 0.21876914230805333,
        "halfLife": 2.8075758294672517
      },
      {
        "gene": "Tp53",
        "beta1": -0.529349798996332,
        "beta2": 0.278050598756316,
        "lambda1_real": 0.32532798285130204,
        "lambda1_imag": 0,
        "lambda2_real": -0.8546777818476341,
        "lambda2_imag": 0,
        "modulus": 0.8546777818476341,
        "eigenperiodHours": null,
        "isStable": true,
        "stabilityMargin": 0.1453222181523659,
        "halfLife": 4.414085809463972
      },
      {
        "gene": "Ccnd1",
        "beta1": 0.03258169032687608,
        "beta2": 0.15043573255844223,
        "lambda1_real": 0.4044932719907073,
        "lambda1_imag": 0,
        "lambda2_real": -0.3719115816638312,
        "lambda2_imag": 0,
        "modulus": 0.4044932719907073,
        "eigenperiodHours": null,
        "isStable": true,
        "stabilityMargin": 0.5955067280092927,
        "halfLife": 0.7658067948357283
      },
      {
        "gene": "Axin2",
        "beta1": 0.054945707772890984,
        "beta2": 0.1932880730165678,
        "lambda1_real": 0.46797578318117083,
        "lambda1_imag": 0,
        "lambda2_real": -0.41303007540827985,
        "lambda2_imag": 0,
        "modulus": 0.46797578318117083,
        "eigenperiodHours": null,
        "isStable": true,
        "stabilityMargin": 0.5320242168188292,
        "halfLife": 0.9128300103891867
      },
      {
        "gene": "Bax",
        "beta1": -0.3003242364967491,
        "beta2": -0.04879550973896585,
        "lambda1_real": -0.15016211824837455,
        "lambda1_imag": 0.16200878982983308,
        "lambda2_real": -0.15016211824837455,
        "lambda2_imag": -0.16200878982983308,
        "modulus": 0.22089705688162947,
        "eigenperiodHours": 10.841193221951754,
        "isStable": true,
        "stabilityMargin": 0.7791029431183705,
        "halfLife": 0.4590200871386928
      },
      {
        "gene": "Hif1a",
        "beta1": 0.12341191138000163,
        "beta2": 0.0663581915770095,
        "lambda1_real": 0.3265942652557985,
        "lambda1_imag": 0,
        "lambda2_real": -0.20318235387579686,
        "lambda2_imag": 0,
        "modulus": 0.3265942652557985,
        "eigenperiodHours": null,
        "isStable": true,
        "stabilityMargin": 0.6734057347442015,
        "halfLife": 0.6194141862111754
      }
    ],
    "avgModulus": 0.5955594424185899,
    "avgEigenperiod": 10.841193221951754
  },
  {
    "name": "Double-KO Organoid",
    "scenario": "malignant",
    "description": "APC + BMAL1 double knockout",
    "genes": [
      {
        "gene": "Wee1",
        "beta1": 0.015940029040197423,
        "beta2": 0.035223612910925794,
        "lambda1_real": 0.19581871438883983,
        "lambda1_imag": 0,
        "lambda2_real": -0.1798786853486424,
        "lambda2_imag": 0,
        "modulus": 0.19581871438883983,
        "eigenperiodHours": null,
        "isStable": true,
        "stabilityMargin": 0.8041812856111602,
        "halfLife": 0.42509606570027497
      },
      {
        "gene": "Lgr5",
        "beta1": 0.3959563437088718,
        "beta2": 0.3651758997278538,
        "lambda1_real": 0.8338800953132963,
        "lambda1_imag": 0,
        "lambda2_real": -0.43792375160442454,
        "lambda2_imag": 0,
        "modulus": 0.8338800953132963,
        "eigenperiodHours": null,
        "isStable": true,
        "stabilityMargin": 0.16611990468670368,
        "halfLife": 3.8155102612311915
      },
      {
        "gene": "Myc",
        "beta1": 0.21284981375005785,
        "beta2": 0.20031140819332904,
        "lambda1_real": 0.566465849614572,
        "lambda1_imag": 0,
        "lambda2_real": -0.35361603586451423,
        "lambda2_imag": 0,
        "modulus": 0.566465849614572,
        "eigenperiodHours": null,
        "isStable": true,
        "stabilityMargin": 0.433534150385428,
        "halfLife": 1.2196027556594426
      },
      {
        "gene": "Tp53",
        "beta1": 0.17713447341327182,
        "beta2": 0.30544667270889647,
        "lambda1_real": 0.648291122320557,
        "lambda1_imag": 0,
        "lambda2_real": -0.47115664890728515,
        "lambda2_imag": 0,
        "modulus": 0.648291122320557,
        "eigenperiodHours": null,
        "isStable": true,
        "stabilityMargin": 0.35170887767944303,
        "halfLife": 1.599267463709327
      },
      {
        "gene": "Ccnd1",
        "beta1": 0.13244867564209528,
        "beta2": 0.20147704380161002,
        "lambda1_real": 0.5199452947113441,
        "lambda1_imag": 0,
        "lambda2_real": -0.3874966190692488,
        "lambda2_imag": 0,
        "modulus": 0.5199452947113441,
        "eigenperiodHours": null,
        "isStable": true,
        "stabilityMargin": 0.4800547052886559,
        "halfLife": 1.0598067442465504
      },
      {
        "gene": "Axin2",
        "beta1": -0.14665464677402085,
        "beta2": 0.1914251976730874,
        "lambda1_real": 0.3702964970151301,
        "lambda1_imag": 0,
        "lambda2_real": -0.516951143789151,
        "lambda2_imag": 0,
        "modulus": 0.516951143789151,
        "eigenperiodHours": null,
        "isStable": true,
        "stabilityMargin": 0.48304885621084903,
        "halfLife": 1.0505303472224028
      },
      {
        "gene": "Bax",
        "beta1": -0.37838109115534735,
        "beta2": 0.2664532579154866,
        "lambda1_real": 0.3605787882810496,
        "lambda1_imag": 0,
        "lambda2_real": -0.738959879436397,
        "lambda2_imag": 0,
        "modulus": 0.738959879436397,
        "eigenperiodHours": null,
        "isStable": true,
        "stabilityMargin": 0.26104012056360304,
        "halfLife": 2.291307395604848
      },
      {
        "gene": "Hif1a",
        "beta1": 0.006812219618749782,
        "beta2": 0.3551222113199728,
        "lambda1_real": 0.5993371569146639,
        "lambda1_imag": 0,
        "lambda2_real": -0.5925249372959143,
        "lambda2_imag": 0,
        "modulus": 0.5993371569146639,
        "eigenperiodHours": null,
        "isStable": true,
        "stabilityMargin": 0.40066284308533606,
        "halfLife": 1.353985629377365
      }
    ],
    "avgModulus": 0.5774561570611026,
    "avgEigenperiod": null
  },
  {
    "name": "MYC-ON Neuroblastoma",
    "scenario": "malignant",
    "description": "MYC-ON neuroblastoma",
    "genes": [
      {
        "gene": "Wee1",
        "beta1": 0.7179640542614365,
        "beta2": -0.1553538975752744,
        "lambda1_real": 0.35898202713071825,
        "lambda1_imag": 0.16274459060870405,
        "lambda2_real": 0.35898202713071825,
        "lambda2_imag": -0.16274459060870405,
        "modulus": 0.39414958781568504,
        "eigenperiodHours": 59.04742972752367,
        "isStable": true,
        "stabilityMargin": 0.6058504121843149,
        "halfLife": 0.7444991771550133
      },
      {
        "gene": "Lgr5",
        "beta1": 0.712942725185397,
        "beta2": -0.19448650395231581,
        "lambda1_real": 0.3564713625926985,
        "lambda1_imag": 0.25964335463019395,
        "lambda2_real": 0.3564713625926985,
        "lambda2_imag": -0.25964335463019395,
        "modulus": 0.4410062402645974,
        "eigenperiodHours": 39.92402891306658,
        "isStable": true,
        "stabilityMargin": 0.5589937597354027,
        "halfLife": 0.8466475542083486
      },
      {
        "gene": "Myc",
        "beta1": 0.8507075434820606,
        "beta2": 0.13857200099819078,
        "lambda1_real": 0.9905951645392853,
        "lambda1_imag": 0,
        "lambda2_real": -0.13988762105722474,
        "lambda2_imag": 0,
        "modulus": 0.9905951645392853,
        "eigenperiodHours": null,
        "isStable": true,
        "stabilityMargin": 0.009404835460714689,
        "halfLife": 73.35402969618045
      },
      {
        "gene": "Tp53",
        "beta1": 0.25770089842365707,
        "beta2": 0.09873830701661745,
        "lambda1_real": 0.4684689782686329,
        "lambda1_imag": 0,
        "lambda2_real": -0.2107680798449758,
        "lambda2_imag": 0,
        "modulus": 0.4684689782686329,
        "eigenperiodHours": null,
        "isStable": true,
        "stabilityMargin": 0.5315310217313671,
        "halfLife": 0.914098023756784
      },
      {
        "gene": "Ccnd1",
        "beta1": 0.7024106434251962,
        "beta2": -0.12321548520097281,
        "lambda1_real": 0.3625935963087221,
        "lambda1_imag": 0,
        "lambda2_real": 0.3398170471164741,
        "lambda2_imag": 0,
        "modulus": 0.3625935963087221,
        "eigenperiodHours": null,
        "isStable": true,
        "stabilityMargin": 0.6374064036912779,
        "halfLife": 0.6832586235851691
      },
      {
        "gene": "Axin2",
        "beta1": 0.11741543059792381,
        "beta2": 0.31200777670259505,
        "lambda1_real": 0.6203609646781665,
        "lambda1_imag": 0,
        "lambda2_real": -0.5029455340802427,
        "lambda2_imag": 0,
        "modulus": 0.6203609646781665,
        "eigenperiodHours": null,
        "isStable": true,
        "stabilityMargin": 0.3796390353218335,
        "halfLife": 1.4517576887719081
      },
      {
        "gene": "Bax",
        "beta1": 0.14593506649805477,
        "beta2": 0.38463743940531003,
        "lambda1_real": 0.6974366680457424,
        "lambda1_imag": 0,
        "lambda2_real": -0.5515016015476877,
        "lambda2_imag": 0,
        "modulus": 0.6974366680457424,
        "eigenperiodHours": null,
        "isStable": true,
        "stabilityMargin": 0.30256333195425755,
        "halfLife": 1.923573062731884
      },
      {
        "gene": "Hif1a",
        "beta1": 0.8991679427612098,
        "beta2": 0.1388985377148515,
        "lambda1_real": 1.0335568175277592,
        "lambda1_imag": 0,
        "lambda2_real": -0.13438887476654948,
        "lambda2_imag": 0,
        "modulus": 1.0335568175277592,
        "eigenperiodHours": null,
        "isStable": false,
        "stabilityMargin": -0.033556817527759186,
        "halfLife": null
      }
    ],
    "avgModulus": 0.6260210021810738,
    "avgEigenperiod": 49.48572932029512
  }
]